city,office,district,candidate,party,registered_date,incumbent,source_title,source_url,as_of
臺北市,縣市長,臺北市,郭璽,台灣麻將最大黨,2026-08-31,,中央選舉委員會：115年地方公職人員選舉候選人登記名冊,https://web.cec.gov.tw/central/article/64709,2026-09-07
臺北市,縣市長,臺北市,沈伯洋,民主進步黨,2026-09-02,,中央選舉委員會：115年地方公職人員選舉候選人登記名冊,https://web.cec.gov.tw/central/article/64709,2026-09-07
臺北市,縣市長,臺北市,蕭文乾,臺灣SoR無法黨,2026-09-02,,中央選舉委員會：115年地方公職人員選舉候選人登記名冊,https://web.cec.gov.tw/central/article/64709,2026-09-07
臺北市,縣市長,臺北市,唐新民,三勢團結促進聯盟,2026-09-03,,中央選舉委員會：115年地方公職人員選舉候選人登記名冊,https://web.cec.gov.tw/central/article/64709,2026-09-07
臺北市,縣市長,臺北市,蔣萬安,中國國民黨,2026-09-04,是,中央選舉委員會：115年地方公職人員選舉候選人登記名冊,https://web.cec.gov.tw/central/article/64709,2026-09-07
臺北市,縣市長,臺北市,林志成,無,2026-09-04,,中央選舉委員會：115年地方公職人員選舉候選人登記名冊,https://web.cec.gov.tw/central/article/64709,2026-09-07
新北市,縣市長,新北市,蘇巧慧,民主進步黨,2026-09-02,,中央選舉委員會：115年地方公職人員選舉候選人登記名冊,https://web.cec.gov.tw/central/article/64709,2026-09-07
新北市,縣市長,新北市,李四川,中國國民黨,2026-09-04,,中央選舉委員會：115年地方公職人員選舉候選人登記名冊,https://web.cec.gov.tw/central/article/64709,2026-09-07
新北市,縣市長,新北市,蘇輝湟,無,2026-09-04,,中央選舉委員會：115年地方公職人員選舉候選人登記名冊,https://web.cec.gov.tw/central/article/64709,2026-09-07
桃園市,縣市長,桃園市,張善政,中國國民黨,2026-09-01,是,中央選舉委員會：115年地方公職人員選舉候選人登記名冊,https://web.cec.gov.tw/central/article/64709,2026-09-07
桃園市,縣市長,桃園市,黃世杰,民主進步黨,2026-09-02,,中央選舉委員會：115年地方公職人員選舉候選人登記名冊,https://web.cec.gov.tw/central/article/64709,2026-09-07
臺中市,縣市長,臺中市,何欣純,民主進步黨,2026-09-02,,中央選舉委員會：115年地方公職人員選舉候選人登記名冊,https://web.cec.gov.tw/central/article/64709,2026-09-07
臺中市,縣市長,臺中市,江啟臣,中國國民黨,2026-09-03,,中央選舉委員會：115年地方公職人員選舉候選人登記名冊,https://web.cec.gov.tw/central/article/64709,2026-09-07
臺中市,縣市長,臺中市,洪麗華,司法正義黨,2026-09-03,,中央選舉委員會：115年地方公職人員選舉候選人登記名冊,https://web.cec.gov.tw/central/article/64709,2026-09-07
臺南市,縣市長,臺南市,謝龍介,中國國民黨,2026-09-01,,中央選舉委員會：115年地方公職人員選舉候選人登記名冊,https://web.cec.gov.tw/central/article/64709,2026-09-07
臺南市,縣市長,臺南市,蕭燐洪,臺灣SoR無法黨,2026-09-01,,中央選舉委員會：115年地方公職人員選舉候選人登記名冊,https://web.cec.gov.tw/central/article/64709,2026-09-07
臺南市,縣市長,臺南市,葉人文,無,2026-09-02,,中央選舉委員會：115年地方公職人員選舉候選人登記名冊,https://web.cec.gov.tw/central/article/64709,2026-09-07
臺南市,縣市長,臺南市,陳亭妃,民主進步黨,2026-09-02,,中央選舉委員會：115年地方公職人員選舉候選人登記名冊,https://web.cec.gov.tw/central/article/64709,2026-09-07
高雄市,縣市長,高雄市,張靜,司法改革黨,2026-08-31,,中央選舉委員會：115年地方公職人員選舉候選人登記名冊,https://web.cec.gov.tw/central/article/64709,2026-09-07
高雄市,縣市長,高雄市,賴瑞隆,民主進步黨,2026-09-02,,中央選舉委員會：115年地方公職人員選舉候選人登記名冊,https://web.cec.gov.tw/central/article/64709,2026-09-07
高雄市,縣市長,高雄市,王肇民,無,2026-09-02,,中央選舉委員會：115年地方公職人員選舉候選人登記名冊,https://web.cec.gov.tw/central/article/64709,2026-09-07
高雄市,縣市長,高雄市,柯志恩,中國國民黨,2026-09-03,,中央選舉委員會：115年地方公職人員選舉候選人登記名冊,https://web.cec.gov.tw/central/article/64709,2026-09-07
高雄市,縣市長,高雄市,洪方隆,無,2026-09-04,,中央選舉委員會：115年地方公職人員選舉候選人登記名冊,https://web.cec.gov.tw/central/article/64709,2026-09-07
新竹縣,縣市長,新竹縣,鄭朝方,民主進步黨,2026-09-02,,中央選舉委員會：115年地方公職人員選舉候選人登記名冊,https://web.cec.gov.tw/central/article/64709,2026-09-07
新竹縣,縣市長,新竹縣,朱定瑀,無,2026-09-02,,中央選舉委員會：115年地方公職人員選舉候選人登記名冊,https://web.cec.gov.tw/central/article/64709,2026-09-07
新竹縣,縣市長,新竹縣,徐欣瑩,中國國民黨,2026-09-03,,中央選舉委員會：115年地方公職人員選舉候選人登記名冊,https://web.cec.gov.tw/central/article/64709,2026-09-07
苗栗縣,縣市長,苗栗縣,陳品安,民主進步黨,2026-09-02,,中央選舉委員會：115年地方公職人員選舉候選人登記名冊,https://web.cec.gov.tw/central/article/64709,2026-09-07
苗栗縣,縣市長,苗栗縣,鍾東錦,中國國民黨,2026-09-03,是,中央選舉委員會：115年地方公職人員選舉候選人登記名冊,https://web.cec.gov.tw/central/article/64709,2026-09-07
彰化縣,縣市長,彰化縣,陳重嘉,無,2026-08-31,,中央選舉委員會：115年地方公職人員選舉候選人登記名冊,https://web.cec.gov.tw/central/article/64709,2026-09-07
彰化縣,縣市長,彰化縣,陳素月,民主進步黨,2026-09-02,,中央選舉委員會：115年地方公職人員選舉候選人登記名冊,https://web.cec.gov.tw/central/article/64709,2026-09-07
彰化縣,縣市長,彰化縣,邱建富,無,2026-09-03,,中央選舉委員會：115年地方公職人員選舉候選人登記名冊,https://web.cec.gov.tw/central/article/64709,2026-09-07
彰化縣,縣市長,彰化縣,魏平政,中國國民黨,2026-09-03,,中央選舉委員會：115年地方公職人員選舉候選人登記名冊,https://web.cec.gov.tw/central/article/64709,2026-09-07
南投縣,縣市長,南投縣,温世政,民主進步黨,2026-08-31,,中央選舉委員會：115年地方公職人員選舉候選人登記名冊,https://web.cec.gov.tw/central/article/64709,2026-09-07
南投縣,縣市長,南投縣,許淑華,中國國民黨,2026-09-02,是,中央選舉委員會：115年地方公職人員選舉候選人登記名冊,https://web.cec.gov.tw/central/article/64709,2026-09-07
雲林縣,縣市長,雲林縣,吳炳輝,無,2026-08-31,,中央選舉委員會：115年地方公職人員選舉候選人登記名冊,https://web.cec.gov.tw/central/article/64709,2026-09-07
雲林縣,縣市長,雲林縣,張嘉郡,中國國民黨,2026-09-03,,中央選舉委員會：115年地方公職人員選舉候選人登記名冊,https://web.cec.gov.tw/central/article/64709,2026-09-07
雲林縣,縣市長,雲林縣,劉建國,民主進步黨,2026-09-04,,中央選舉委員會：115年地方公職人員選舉候選人登記名冊,https://web.cec.gov.tw/central/article/64709,2026-09-07
雲林縣,縣市長,雲林縣,林佳瑜,無,2026-09-04,,中央選舉委員會：115年地方公職人員選舉候選人登記名冊,https://web.cec.gov.tw/central/article/64709,2026-09-07
嘉義縣,縣市長,嘉義縣,吳品叡,無,2026-09-03,,中央選舉委員會：115年地方公職人員選舉候選人登記名冊,https://web.cec.gov.tw/central/article/64709,2026-09-07
嘉義縣,縣市長,嘉義縣,蔡易餘,民主進步黨,2026-09-03,,中央選舉委員會：115年地方公職人員選舉候選人登記名冊,https://web.cec.gov.tw/central/article/64709,2026-09-07
屏東縣,縣市長,屏東縣,蘇清泉,中國國民黨,2026-09-02,,中央選舉委員會：115年地方公職人員選舉候選人登記名冊,https://web.cec.gov.tw/central/article/64709,2026-09-07
屏東縣,縣市長,屏東縣,周春米,民主進步黨,2026-09-03,是,中央選舉委員會：115年地方公職人員選舉候選人登記名冊,https://web.cec.gov.tw/central/article/64709,2026-09-07
宜蘭縣,縣市長,宜蘭縣,陳宏毅,無,2026-08-31,,中央選舉委員會：115年地方公職人員選舉候選人登記名冊,https://web.cec.gov.tw/central/article/64709,2026-09-07
宜蘭縣,縣市長,宜蘭縣,吳宗憲,中國國民黨,2026-09-01,,中央選舉委員會：115年地方公職人員選舉候選人登記名冊,https://web.cec.gov.tw/central/article/64709,2026-09-07
宜蘭縣,縣市長,宜蘭縣,劉燦輝,無,2026-09-01,,中央選舉委員會：115年地方公職人員選舉候選人登記名冊,https://web.cec.gov.tw/central/article/64709,2026-09-07
宜蘭縣,縣市長,宜蘭縣,林國漳,民主進步黨,2026-09-02,,中央選舉委員會：115年地方公職人員選舉候選人登記名冊,https://web.cec.gov.tw/central/article/64709,2026-09-07
宜蘭縣,縣市長,宜蘭縣,楊鉯婷,無,2026-09-04,,中央選舉委員會：115年地方公職人員選舉候選人登記名冊,https://web.cec.gov.tw/central/article/64709,2026-09-07
花蓮縣,縣市長,花蓮縣,游淑貞,中國國民黨,2026-09-03,,中央選舉委員會：115年地方公職人員選舉候選人登記名冊,https://web.cec.gov.tw/central/article/64709,2026-09-07
花蓮縣,縣市長,花蓮縣,張峻,無,2026-09-03,,中央選舉委員會：115年地方公職人員選舉候選人登記名冊,https://web.cec.gov.tw/central/article/64709,2026-09-07
花蓮縣,縣市長,花蓮縣,魏嘉賢,無,2026-09-03,,中央選舉委員會：115年地方公職人員選舉候選人登記名冊,https://web.cec.gov.tw/central/article/64709,2026-09-07
花蓮縣,縣市長,花蓮縣,羅佩秦,台灣工黨,2026-09-03,,中央選舉委員會：115年地方公職人員選舉候選人登記名冊,https://web.cec.gov.tw/central/article/64709,2026-09-07
臺東縣,縣市長,臺東縣,陳瑩,民主進步黨,2026-09-02,,中央選舉委員會：115年地方公職人員選舉候選人登記名冊,https://web.cec.gov.tw/central/article/64709,2026-09-07
臺東縣,縣市長,臺東縣,吳秀華,中國國民黨,2026-09-02,,中央選舉委員會：115年地方公職人員選舉候選人登記名冊,https://web.cec.gov.tw/central/article/64709,2026-09-07
臺東縣,縣市長,臺東縣,李吳穎智,無,2026-09-04,,中央選舉委員會：115年地方公職人員選舉候選人登記名冊,https://web.cec.gov.tw/central/article/64709,2026-09-07
臺東縣,縣市長,臺東縣,王志偉,無,2026-09-04,,中央選舉委員會：115年地方公職人員選舉候選人登記名冊,https://web.cec.gov.tw/central/article/64709,2026-09-07
澎湖縣,縣市長,澎湖縣,吳淑瑾,民主進步黨,2026-09-02,,中央選舉委員會：115年地方公職人員選舉候選人登記名冊,https://web.cec.gov.tw/central/article/64709,2026-09-07
澎湖縣,縣市長,澎湖縣,陳振中,中國國民黨,2026-09-03,,中央選舉委員會：115年地方公職人員選舉候選人登記名冊,https://web.cec.gov.tw/central/article/64709,2026-09-07
澎湖縣,縣市長,澎湖縣,周倪安,台聯黨,2026-09-03,,中央選舉委員會：115年地方公職人員選舉候選人登記名冊,https://web.cec.gov.tw/central/article/64709,2026-09-07
澎湖縣,縣市長,澎湖縣,許智富,無,2026-09-03,,中央選舉委員會：115年地方公職人員選舉候選人登記名冊,https://web.cec.gov.tw/central/article/64709,2026-09-07
澎湖縣,縣市長,澎湖縣,陳盡川,無,2026-09-03,,中央選舉委員會：115年地方公職人員選舉候選人登記名冊,https://web.cec.gov.tw/central/article/64709,2026-09-07
澎湖縣,縣市長,澎湖縣,葉竹林,無,2026-09-04,,中央選舉委員會：115年地方公職人員選舉候選人登記名冊,https://web.cec.gov.tw/central/article/64709,2026-09-07
金門縣,縣市長,金門縣,洪和成,無,2026-08-31,,中央選舉委員會：115年地方公職人員選舉候選人登記名冊,https://web.cec.gov.tw/central/article/64709,2026-09-07
金門縣,縣市長,金門縣,李文良,無,2026-09-02,,中央選舉委員會：115年地方公職人員選舉候選人登記名冊,https://web.cec.gov.tw/central/article/64709,2026-09-07
金門縣,縣市長,金門縣,黃世團,無,2026-09-02,,中央選舉委員會：115年地方公職人員選舉候選人登記名冊,https://web.cec.gov.tw/central/article/64709,2026-09-07
金門縣,縣市長,金門縣,陳玉珍,中國國民黨,2026-09-02,,中央選舉委員會：115年地方公職人員選舉候選人登記名冊,https://web.cec.gov.tw/central/article/64709,2026-09-07
金門縣,縣市長,金門縣,張國威,無,2026-09-02,,中央選舉委員會：115年地方公職人員選舉候選人登記名冊,https://web.cec.gov.tw/central/article/64709,2026-09-07
金門縣,縣市長,金門縣,梁文韜,無,2026-09-03,,中央選舉委員會：115年地方公職人員選舉候選人登記名冊,https://web.cec.gov.tw/central/article/64709,2026-09-07
金門縣,縣市長,金門縣,張火木,無,2026-09-04,,中央選舉委員會：115年地方公職人員選舉候選人登記名冊,https://web.cec.gov.tw/central/article/64709,2026-09-07
連江縣,縣市長,連江縣,王忠銘,中國國民黨,2026-08-31,是,中央選舉委員會：115年地方公職人員選舉候選人登記名冊,https://web.cec.gov.tw/central/article/64709,2026-09-07
連江縣,縣市長,連江縣,曹爾元,無,2026-09-02,,中央選舉委員會：115年地方公職人員選舉候選人登記名冊,https://web.cec.gov.tw/central/article/64709,2026-09-07
基隆市,縣市長,基隆市,謝國樑,中國國民黨,2026-09-01,是,中央選舉委員會：115年地方公職人員選舉候選人登記名冊,https://web.cec.gov.tw/central/article/64709,2026-09-07
基隆市,縣市長,基隆市,魏造文,無,2026-09-01,,中央選舉委員會：115年地方公職人員選舉候選人登記名冊,https://web.cec.gov.tw/central/article/64709,2026-09-07
基隆市,縣市長,基隆市,童子瑋,民主進步黨,2026-09-02,,中央選舉委員會：115年地方公職人員選舉候選人登記名冊,https://web.cec.gov.tw/central/article/64709,2026-09-07
新竹市,縣市長,新竹市,高虹安,無,2026-09-02,是,中央選舉委員會：115年地方公職人員選舉候選人登記名冊,https://web.cec.gov.tw/central/article/64709,2026-09-07
新竹市,縣市長,新竹市,莊競程,民主進步黨,2026-09-03,,中央選舉委員會：115年地方公職人員選舉候選人登記名冊,https://web.cec.gov.tw/central/article/64709,2026-09-07
新竹市,縣市長,新竹市,何志勇,無,2026-09-04,,中央選舉委員會：115年地方公職人員選舉候選人登記名冊,https://web.cec.gov.tw/central/article/64709,2026-09-07
嘉義市,縣市長,嘉義市,黃宏成台灣阿成世界偉人財神總統,無,2026-08-31,,中央選舉委員會：115年地方公職人員選舉候選人登記名冊,https://web.cec.gov.tw/central/article/64709,2026-09-07
嘉義市,縣市長,嘉義市,陳愷璜,無,2026-09-01,,中央選舉委員會：115年地方公職人員選舉候選人登記名冊,https://web.cec.gov.tw/central/article/64709,2026-09-07
嘉義市,縣市長,嘉義市,張啓楷,台灣民眾黨,2026-09-02,,中央選舉委員會：115年地方公職人員選舉候選人登記名冊,https://web.cec.gov.tw/central/article/64709,2026-09-07
嘉義市,縣市長,嘉義市,王美惠,民主進步黨,2026-09-02,,中央選舉委員會：115年地方公職人員選舉候選人登記名冊,https://web.cec.gov.tw/central/article/64709,2026-09-07
嘉義市,縣市長,嘉義市,王義成,無,2026-09-03,,中央選舉委員會：115年地方公職人員選舉候選人登記名冊,https://web.cec.gov.tw/central/article/64709,2026-09-07
臺北市,縣市議員,臺北市第1選舉區,謝閔弘,時代力量,2026-08-31,,中央選舉委員會：115年地方公職人員選舉候選人登記名冊,https://web.cec.gov.tw/central/article/64709,2026-09-07
臺北市,縣市議員,臺北市第1選舉區,李文,無,2026-08-31,,中央選舉委員會：115年地方公職人員選舉候選人登記名冊,https://web.cec.gov.tw/central/article/64709,2026-09-07
臺北市,縣市議員,臺北市第1選舉區,陳彥廷,無,2026-09-02,,中央選舉委員會：115年地方公職人員選舉候選人登記名冊,https://web.cec.gov.tw/central/article/64709,2026-09-07
臺北市,縣市議員,臺北市第1選舉區,鍾佩玲,民主進步黨,2026-09-02,,中央選舉委員會：115年地方公職人員選舉候選人登記名冊,https://web.cec.gov.tw/central/article/64709,2026-09-07
臺北市,縣市議員,臺北市第1選舉區,紀建漢,無,2026-09-02,,中央選舉委員會：115年地方公職人員選舉候選人登記名冊,https://web.cec.gov.tw/central/article/64709,2026-09-07
臺北市,縣市議員,臺北市第1選舉區,陳賢蔚,民主進步黨,2026-09-02,,中央選舉委員會：115年地方公職人員選舉候選人登記名冊,https://web.cec.gov.tw/central/article/64709,2026-09-07
臺北市,縣市議員,臺北市第1選舉區,林世宗,民主進步黨,2026-09-02,,中央選舉委員會：115年地方公職人員選舉候選人登記名冊,https://web.cec.gov.tw/central/article/64709,2026-09-07
臺北市,縣市議員,臺北市第1選舉區,黃瀞瑩,台灣民眾黨,2026-09-02,,中央選舉委員會：115年地方公職人員選舉候選人登記名冊,https://web.cec.gov.tw/central/article/64709,2026-09-07
臺北市,縣市議員,臺北市第1選舉區,林揚庭,中國國民黨,2026-09-02,,中央選舉委員會：115年地方公職人員選舉候選人登記名冊,https://web.cec.gov.tw/central/article/64709,2026-09-07
臺北市,縣市議員,臺北市第1選舉區,陳慈慧,民主進步黨,2026-09-02,,中央選舉委員會：115年地方公職人員選舉候選人登記名冊,https://web.cec.gov.tw/central/article/64709,2026-09-07
臺北市,縣市議員,臺北市第1選舉區,陳重文,無,2026-09-03,,中央選舉委員會：115年地方公職人員選舉候選人登記名冊,https://web.cec.gov.tw/central/article/64709,2026-09-07
臺北市,縣市議員,臺北市第1選舉區,陳怡潔,無,2026-09-03,,中央選舉委員會：115年地方公職人員選舉候選人登記名冊,https://web.cec.gov.tw/central/article/64709,2026-09-07
臺北市,縣市議員,臺北市第1選舉區,林杏兒,中國國民黨,2026-09-03,,中央選舉委員會：115年地方公職人員選舉候選人登記名冊,https://web.cec.gov.tw/central/article/64709,2026-09-07
臺北市,縣市議員,臺北市第1選舉區,張斯綱,中國國民黨,2026-09-03,,中央選舉委員會：115年地方公職人員選舉候選人登記名冊,https://web.cec.gov.tw/central/article/64709,2026-09-07
臺北市,縣市議員,臺北市第1選舉區,賴苡任,中國國民黨,2026-09-03,,中央選舉委員會：115年地方公職人員選舉候選人登記名冊,https://web.cec.gov.tw/central/article/64709,2026-09-07
臺北市,縣市議員,臺北市第1選舉區,汪志冰,中國國民黨,2026-09-03,,中央選舉委員會：115年地方公職人員選舉候選人登記名冊,https://web.cec.gov.tw/central/article/64709,2026-09-07
臺北市,縣市議員,臺北市第1選舉區,劉致妤,無,2026-09-03,,中央選舉委員會：115年地方公職人員選舉候選人登記名冊,https://web.cec.gov.tw/central/article/64709,2026-09-07
臺北市,縣市議員,臺北市第1選舉區,林延鳳,民主進步黨,2026-09-04,,中央選舉委員會：115年地方公職人員選舉候選人登記名冊,https://web.cec.gov.tw/central/article/64709,2026-09-07
臺北市,縣市議員,臺北市第1選舉區,侯漢廷,新黨,2026-09-04,,中央選舉委員會：115年地方公職人員選舉候選人登記名冊,https://web.cec.gov.tw/central/article/64709,2026-09-07
臺北市,縣市議員,臺北市第1選舉區,林聖峰,天宙和平統一家庭黨,2026-09-04,,中央選舉委員會：115年地方公職人員選舉候選人登記名冊,https://web.cec.gov.tw/central/article/64709,2026-09-07
臺北市,縣市議員,臺北市第2選舉區,吳欣岱,台灣基進,2026-08-31,,中央選舉委員會：115年地方公職人員選舉候選人登記名冊,https://web.cec.gov.tw/central/article/64709,2026-09-07
臺北市,縣市議員,臺北市第2選舉區,李明賢,中國國民黨,2026-08-31,,中央選舉委員會：115年地方公職人員選舉候選人登記名冊,https://web.cec.gov.tw/central/article/64709,2026-09-07
臺北市,縣市議員,臺北市第2選舉區,陳冠安,中國國民黨,2026-09-01,,中央選舉委員會：115年地方公職人員選舉候選人登記名冊,https://web.cec.gov.tw/central/article/64709,2026-09-07
臺北市,縣市議員,臺北市第2選舉區,高嘉瑜,民主進步黨,2026-09-01,,中央選舉委員會：115年地方公職人員選舉候選人登記名冊,https://web.cec.gov.tw/central/article/64709,2026-09-07
臺北市,縣市議員,臺北市第2選舉區,王孝維,民主進步黨,2026-09-02,,中央選舉委員會：115年地方公職人員選舉候選人登記名冊,https://web.cec.gov.tw/central/article/64709,2026-09-07
臺北市,縣市議員,臺北市第2選舉區,游淑慧,中國國民黨,2026-09-02,,中央選舉委員會：115年地方公職人員選舉候選人登記名冊,https://web.cec.gov.tw/central/article/64709,2026-09-07
臺北市,縣市議員,臺北市第2選舉區,何孟樺,民主進步黨,2026-09-02,,中央選舉委員會：115年地方公職人員選舉候選人登記名冊,https://web.cec.gov.tw/central/article/64709,2026-09-07
臺北市,縣市議員,臺北市第2選舉區,陳宥丞,台灣民眾黨,2026-09-02,,中央選舉委員會：115年地方公職人員選舉候選人登記名冊,https://web.cec.gov.tw/central/article/64709,2026-09-07
臺北市,縣市議員,臺北市第2選舉區,何恕懷,新黨,2026-09-02,,中央選舉委員會：115年地方公職人員選舉候選人登記名冊,https://web.cec.gov.tw/central/article/64709,2026-09-07
臺北市,縣市議員,臺北市第2選舉區,闕枚莎,中國國民黨,2026-09-03,,中央選舉委員會：115年地方公職人員選舉候選人登記名冊,https://web.cec.gov.tw/central/article/64709,2026-09-07
臺北市,縣市議員,臺北市第2選舉區,陳又新,民主進步黨,2026-09-04,,中央選舉委員會：115年地方公職人員選舉候選人登記名冊,https://web.cec.gov.tw/central/article/64709,2026-09-07
臺北市,縣市議員,臺北市第2選舉區,吳世正,中國國民黨,2026-09-04,,中央選舉委員會：115年地方公職人員選舉候選人登記名冊,https://web.cec.gov.tw/central/article/64709,2026-09-07
臺北市,縣市議員,臺北市第2選舉區,黃啟彬,永久和平自然法,2026-09-04,,中央選舉委員會：115年地方公職人員選舉候選人登記名冊,https://web.cec.gov.tw/central/article/64709,2026-09-07
臺北市,縣市議員,臺北市第3選舉區,鄧樂強,台灣基進,2026-08-31,,中央選舉委員會：115年地方公職人員選舉候選人登記名冊,https://web.cec.gov.tw/central/article/64709,2026-09-07
臺北市,縣市議員,臺北市第3選舉區,詹為元,中國國民黨,2026-09-02,,中央選舉委員會：115年地方公職人員選舉候選人登記名冊,https://web.cec.gov.tw/central/article/64709,2026-09-07
臺北市,縣市議員,臺北市第3選舉區,張文潔,民主進步黨,2026-09-02,,中央選舉委員會：115年地方公職人員選舉候選人登記名冊,https://web.cec.gov.tw/central/article/64709,2026-09-07
臺北市,縣市議員,臺北市第3選舉區,郭凡,民主進步黨,2026-09-02,,中央選舉委員會：115年地方公職人員選舉候選人登記名冊,https://web.cec.gov.tw/central/article/64709,2026-09-07
臺北市,縣市議員,臺北市第3選舉區,李明璇,中國國民黨,2026-09-02,,中央選舉委員會：115年地方公職人員選舉候選人登記名冊,https://web.cec.gov.tw/central/article/64709,2026-09-07
臺北市,縣市議員,臺北市第3選舉區,秦慧珠,中國國民黨,2026-09-02,,中央選舉委員會：115年地方公職人員選舉候選人登記名冊,https://web.cec.gov.tw/central/article/64709,2026-09-07
臺北市,縣市議員,臺北市第3選舉區,洪健益,民主進步黨,2026-09-02,,中央選舉委員會：115年地方公職人員選舉候選人登記名冊,https://web.cec.gov.tw/central/article/64709,2026-09-07
臺北市,縣市議員,臺北市第3選舉區,戴錫欽,中國國民黨,2026-09-02,,中央選舉委員會：115年地方公職人員選舉候選人登記名冊,https://web.cec.gov.tw/central/article/64709,2026-09-07
臺北市,縣市議員,臺北市第3選舉區,許甫,台灣民眾黨,2026-09-02,,中央選舉委員會：115年地方公職人員選舉候選人登記名冊,https://web.cec.gov.tw/central/article/64709,2026-09-07
臺北市,縣市議員,臺北市第3選舉區,左曉明,無,2026-09-03,,中央選舉委員會：115年地方公職人員選舉候選人登記名冊,https://web.cec.gov.tw/central/article/64709,2026-09-07
臺北市,縣市議員,臺北市第3選舉區,許淑華,民主進步黨,2026-09-04,,中央選舉委員會：115年地方公職人員選舉候選人登記名冊,https://web.cec.gov.tw/central/article/64709,2026-09-07
臺北市,縣市議員,臺北市第3選舉區,林柏勛,無,2026-09-04,,中央選舉委員會：115年地方公職人員選舉候選人登記名冊,https://web.cec.gov.tw/central/article/64709,2026-09-07
臺北市,縣市議員,臺北市第3選舉區,許原榮,中國國民黨,2026-09-04,,中央選舉委員會：115年地方公職人員選舉候選人登記名冊,https://web.cec.gov.tw/central/article/64709,2026-09-07
臺北市,縣市議員,臺北市第4選舉區,朱政騏,無,2026-08-31,,中央選舉委員會：115年地方公職人員選舉候選人登記名冊,https://web.cec.gov.tw/central/article/64709,2026-09-07
臺北市,縣市議員,臺北市第4選舉區,顏若芳,民主進步黨,2026-09-01,,中央選舉委員會：115年地方公職人員選舉候選人登記名冊,https://web.cec.gov.tw/central/article/64709,2026-09-07
臺北市,縣市議員,臺北市第4選舉區,賴俊翰,民主進步黨,2026-09-01,,中央選舉委員會：115年地方公職人員選舉候選人登記名冊,https://web.cec.gov.tw/central/article/64709,2026-09-07
臺北市,縣市議員,臺北市第4選舉區,熊羿,勞動黨,2026-09-01,,中央選舉委員會：115年地方公職人員選舉候選人登記名冊,https://web.cec.gov.tw/central/article/64709,2026-09-07
臺北市,縣市議員,臺北市第4選舉區,李易儒,中國國民黨,2026-09-02,,中央選舉委員會：115年地方公職人員選舉候選人登記名冊,https://web.cec.gov.tw/central/article/64709,2026-09-07
臺北市,縣市議員,臺北市第4選舉區,陳炳甫,中國國民黨,2026-09-02,,中央選舉委員會：115年地方公職人員選舉候選人登記名冊,https://web.cec.gov.tw/central/article/64709,2026-09-07
臺北市,縣市議員,臺北市第4選舉區,林子揚,民主進步黨,2026-09-02,,中央選舉委員會：115年地方公職人員選舉候選人登記名冊,https://web.cec.gov.tw/central/article/64709,2026-09-07
臺北市,縣市議員,臺北市第4選舉區,柳采葳,中國國民黨,2026-09-02,,中央選舉委員會：115年地方公職人員選舉候選人登記名冊,https://web.cec.gov.tw/central/article/64709,2026-09-07
臺北市,縣市議員,臺北市第4選舉區,林亮君,民主進步黨,2026-09-02,,中央選舉委員會：115年地方公職人員選舉候選人登記名冊,https://web.cec.gov.tw/central/article/64709,2026-09-07
臺北市,縣市議員,臺北市第4選舉區,葉林傳,中國國民黨,2026-09-03,,中央選舉委員會：115年地方公職人員選舉候選人登記名冊,https://web.cec.gov.tw/central/article/64709,2026-09-07
臺北市,縣市議員,臺北市第4選舉區,黃麗香,台聯黨,2026-09-03,,中央選舉委員會：115年地方公職人員選舉候選人登記名冊,https://web.cec.gov.tw/central/article/64709,2026-09-07
臺北市,縣市議員,臺北市第4選舉區,林珍羽,台灣民眾黨,2026-09-03,,中央選舉委員會：115年地方公職人員選舉候選人登記名冊,https://web.cec.gov.tw/central/article/64709,2026-09-07
臺北市,縣市議員,臺北市第4選舉區,陳怡君,無,2026-09-03,,中央選舉委員會：115年地方公職人員選舉候選人登記名冊,https://web.cec.gov.tw/central/article/64709,2026-09-07
臺北市,縣市議員,臺北市第4選舉區,李惠暄,小民參政歐巴桑聯盟,2026-09-04,,中央選舉委員會：115年地方公職人員選舉候選人登記名冊,https://web.cec.gov.tw/central/article/64709,2026-09-07
臺北市,縣市議員,臺北市第5選舉區,張銘祐,民主進步黨,2026-08-31,,中央選舉委員會：115年地方公職人員選舉候選人登記名冊,https://web.cec.gov.tw/central/article/64709,2026-09-07
臺北市,縣市議員,臺北市第5選舉區,吳志剛,中國國民黨,2026-08-31,,中央選舉委員會：115年地方公職人員選舉候選人登記名冊,https://web.cec.gov.tw/central/article/64709,2026-09-07
臺北市,縣市議員,臺北市第5選舉區,鍾小平,中國國民黨,2026-08-31,,中央選舉委員會：115年地方公職人員選舉候選人登記名冊,https://web.cec.gov.tw/central/article/64709,2026-09-07
臺北市,縣市議員,臺北市第5選舉區,陳力新,無,2026-09-01,,中央選舉委員會：115年地方公職人員選舉候選人登記名冊,https://web.cec.gov.tw/central/article/64709,2026-09-07
臺北市,縣市議員,臺北市第5選舉區,王振庭,台灣綠黨,2026-09-02,,中央選舉委員會：115年地方公職人員選舉候選人登記名冊,https://web.cec.gov.tw/central/article/64709,2026-09-07
臺北市,縣市議員,臺北市第5選舉區,洪婉臻,民主進步黨,2026-09-02,,中央選舉委員會：115年地方公職人員選舉候選人登記名冊,https://web.cec.gov.tw/central/article/64709,2026-09-07
臺北市,縣市議員,臺北市第5選舉區,吳怡萱,台灣民眾黨,2026-09-02,,中央選舉委員會：115年地方公職人員選舉候選人登記名冊,https://web.cec.gov.tw/central/article/64709,2026-09-07
臺北市,縣市議員,臺北市第5選舉區,應佳妤,無,2026-09-03,,中央選舉委員會：115年地方公職人員選舉候選人登記名冊,https://web.cec.gov.tw/central/article/64709,2026-09-07
臺北市,縣市議員,臺北市第5選舉區,劉耀仁,民主進步黨,2026-09-03,,中央選舉委員會：115年地方公職人員選舉候選人登記名冊,https://web.cec.gov.tw/central/article/64709,2026-09-07
臺北市,縣市議員,臺北市第5選舉區,張延廷,中國國民黨,2026-09-03,,中央選舉委員會：115年地方公職人員選舉候選人登記名冊,https://web.cec.gov.tw/central/article/64709,2026-09-07
臺北市,縣市議員,臺北市第5選舉區,徐立信,無,2026-09-03,,中央選舉委員會：115年地方公職人員選舉候選人登記名冊,https://web.cec.gov.tw/central/article/64709,2026-09-07
臺北市,縣市議員,臺北市第5選舉區,馬郁雯,民主進步黨,2026-09-04,,中央選舉委員會：115年地方公職人員選舉候選人登記名冊,https://web.cec.gov.tw/central/article/64709,2026-09-07
臺北市,縣市議員,臺北市第5選舉區,郭昭巖,中國國民黨,2026-09-04,,中央選舉委員會：115年地方公職人員選舉候選人登記名冊,https://web.cec.gov.tw/central/article/64709,2026-09-07
臺北市,縣市議員,臺北市第5選舉區,譚傳紹,無,2026-09-04,,中央選舉委員會：115年地方公職人員選舉候選人登記名冊,https://web.cec.gov.tw/central/article/64709,2026-09-07
臺北市,縣市議員,臺北市第6選舉區,李道翔,左翼聯盟,2026-08-31,,中央選舉委員會：115年地方公職人員選舉候選人登記名冊,https://web.cec.gov.tw/central/article/64709,2026-09-07
臺北市,縣市議員,臺北市第6選舉區,陳峙穎,時代力量,2026-08-31,,中央選舉委員會：115年地方公職人員選舉候選人登記名冊,https://web.cec.gov.tw/central/article/64709,2026-09-07
臺北市,縣市議員,臺北市第6選舉區,李奇峯,無,2026-09-01,,中央選舉委員會：115年地方公職人員選舉候選人登記名冊,https://web.cec.gov.tw/central/article/64709,2026-09-07
臺北市,縣市議員,臺北市第6選舉區,簡舒培,民主進步黨,2026-09-02,,中央選舉委員會：115年地方公職人員選舉候選人登記名冊,https://web.cec.gov.tw/central/article/64709,2026-09-07
臺北市,縣市議員,臺北市第6選舉區,楊植斗,中國國民黨,2026-09-02,,中央選舉委員會：115年地方公職人員選舉候選人登記名冊,https://web.cec.gov.tw/central/article/64709,2026-09-07
臺北市,縣市議員,臺北市第6選舉區,陳聖文,民主進步黨,2026-09-02,,中央選舉委員會：115年地方公職人員選舉候選人登記名冊,https://web.cec.gov.tw/central/article/64709,2026-09-07
臺北市,縣市議員,臺北市第6選舉區,游智彬,新黨,2026-09-02,,中央選舉委員會：115年地方公職人員選舉候選人登記名冊,https://web.cec.gov.tw/central/article/64709,2026-09-07
臺北市,縣市議員,臺北市第6選舉區,耿葳,中國國民黨,2026-09-02,,中央選舉委員會：115年地方公職人員選舉候選人登記名冊,https://web.cec.gov.tw/central/article/64709,2026-09-07
臺北市,縣市議員,臺北市第6選舉區,徐弘庭,中國國民黨,2026-09-02,,中央選舉委員會：115年地方公職人員選舉候選人登記名冊,https://web.cec.gov.tw/central/article/64709,2026-09-07
臺北市,縣市議員,臺北市第6選舉區,苗博雅,社會民主黨,2026-09-02,,中央選舉委員會：115年地方公職人員選舉候選人登記名冊,https://web.cec.gov.tw/central/article/64709,2026-09-07
臺北市,縣市議員,臺北市第6選舉區,陳錦祥,中國國民黨,2026-09-02,,中央選舉委員會：115年地方公職人員選舉候選人登記名冊,https://web.cec.gov.tw/central/article/64709,2026-09-07
臺北市,縣市議員,臺北市第6選舉區,李柏毅,中國國民黨,2026-09-03,,中央選舉委員會：115年地方公職人員選舉候選人登記名冊,https://web.cec.gov.tw/central/article/64709,2026-09-07
臺北市,縣市議員,臺北市第6選舉區,鍾沛君,中國國民黨,2026-09-03,,中央選舉委員會：115年地方公職人員選舉候選人登記名冊,https://web.cec.gov.tw/central/article/64709,2026-09-07
臺北市,縣市議員,臺北市第6選舉區,劉品妡,民主進步黨,2026-09-03,,中央選舉委員會：115年地方公職人員選舉候選人登記名冊,https://web.cec.gov.tw/central/article/64709,2026-09-07
臺北市,縣市議員,臺北市第6選舉區,張志豪,台灣民眾黨,2026-09-03,,中央選舉委員會：115年地方公職人員選舉候選人登記名冊,https://web.cec.gov.tw/central/article/64709,2026-09-07
臺北市,縣市議員,臺北市第6選舉區,曾獻瑩,中國國民黨,2026-09-04,,中央選舉委員會：115年地方公職人員選舉候選人登記名冊,https://web.cec.gov.tw/central/article/64709,2026-09-07
臺北市,縣市議員,臺北市第6選舉區,王欣儀,中國國民黨,2026-09-04,,中央選舉委員會：115年地方公職人員選舉候選人登記名冊,https://web.cec.gov.tw/central/article/64709,2026-09-07
臺北市,縣市議員,臺北市第6選舉區,王閔生,民主進步黨,2026-09-04,,中央選舉委員會：115年地方公職人員選舉候選人登記名冊,https://web.cec.gov.tw/central/article/64709,2026-09-07
臺北市,縣市議員,臺北市第6選舉區,張維學,無,2026-09-04,,中央選舉委員會：115年地方公職人員選舉候選人登記名冊,https://web.cec.gov.tw/central/article/64709,2026-09-07
臺北市,縣市議員,臺北市第7選舉區,李芳儒,中國國民黨,2026-08-31,,中央選舉委員會：115年地方公職人員選舉候選人登記名冊,https://web.cec.gov.tw/central/article/64709,2026-09-07
臺北市,縣市議員,臺北市第7選舉區,林筱薇IcyangTamana,無,2026-09-03,,中央選舉委員會：115年地方公職人員選舉候選人登記名冊,https://web.cec.gov.tw/central/article/64709,2026-09-07
臺北市,縣市議員,臺北市第8選舉區,林家豪,民主進步黨,2026-09-02,,中央選舉委員會：115年地方公職人員選舉候選人登記名冊,https://web.cec.gov.tw/central/article/64709,2026-09-07
臺北市,縣市議員,臺北市第8選舉區,李傅鈺婷,中國國民黨,2026-09-02,,中央選舉委員會：115年地方公職人員選舉候選人登記名冊,https://web.cec.gov.tw/central/article/64709,2026-09-07
臺北市,縣市議員,臺北市第8選舉區,孔垂崢HaisulIslituan,無,2026-09-04,,中央選舉委員會：115年地方公職人員選舉候選人登記名冊,https://web.cec.gov.tw/central/article/64709,2026-09-07
新北市,縣市議員,新北市第1選舉區,鄭宇恩,民主進步黨,2026-09-02,,中央選舉委員會：115年地方公職人員選舉候選人登記名冊,https://web.cec.gov.tw/central/article/64709,2026-09-07
新北市,縣市議員,新北市第1選舉區,陳偉杰,中國國民黨,2026-09-02,,中央選舉委員會：115年地方公職人員選舉候選人登記名冊,https://web.cec.gov.tw/central/article/64709,2026-09-07
新北市,縣市議員,新北市第1選舉區,游明諺,民主進步黨,2026-09-02,,中央選舉委員會：115年地方公職人員選舉候選人登記名冊,https://web.cec.gov.tw/central/article/64709,2026-09-07
新北市,縣市議員,新北市第1選舉區,陳家琪,中國國民黨,2026-09-03,,中央選舉委員會：115年地方公職人員選舉候選人登記名冊,https://web.cec.gov.tw/central/article/64709,2026-09-07
新北市,縣市議員,新北市第1選舉區,呂鈞鴻,中國國民黨,2026-09-04,,中央選舉委員會：115年地方公職人員選舉候選人登記名冊,https://web.cec.gov.tw/central/article/64709,2026-09-07
新北市,縣市議員,新北市第2選舉區,戴翎育,民主進步黨,2026-08-31,,中央選舉委員會：115年地方公職人員選舉候選人登記名冊,https://web.cec.gov.tw/central/article/64709,2026-09-07
新北市,縣市議員,新北市第2選舉區,張昭隆,無,2026-09-01,,中央選舉委員會：115年地方公職人員選舉候選人登記名冊,https://web.cec.gov.tw/central/article/64709,2026-09-07
新北市,縣市議員,新北市第2選舉區,蔡淑君,中國國民黨,2026-09-02,,中央選舉委員會：115年地方公職人員選舉候選人登記名冊,https://web.cec.gov.tw/central/article/64709,2026-09-07
新北市,縣市議員,新北市第2選舉區,鄭丞宏,中國國民黨,2026-09-02,,中央選舉委員會：115年地方公職人員選舉候選人登記名冊,https://web.cec.gov.tw/central/article/64709,2026-09-07
新北市,縣市議員,新北市第2選舉區,陳明義,中國國民黨,2026-09-02,,中央選舉委員會：115年地方公職人員選舉候選人登記名冊,https://web.cec.gov.tw/central/article/64709,2026-09-07
新北市,縣市議員,新北市第2選舉區,蔡佩呈,中國國民黨,2026-09-03,,中央選舉委員會：115年地方公職人員選舉候選人登記名冊,https://web.cec.gov.tw/central/article/64709,2026-09-07
新北市,縣市議員,新北市第2選舉區,李宇翔,民主進步黨,2026-09-03,,中央選舉委員會：115年地方公職人員選舉候選人登記名冊,https://web.cec.gov.tw/central/article/64709,2026-09-07
新北市,縣市議員,新北市第3選舉區,翁震州,民主進步黨,2026-08-31,,中央選舉委員會：115年地方公職人員選舉候選人登記名冊,https://web.cec.gov.tw/central/article/64709,2026-09-07
新北市,縣市議員,新北市第3選舉區,簡麗花,無,2026-09-01,,中央選舉委員會：115年地方公職人員選舉候選人登記名冊,https://web.cec.gov.tw/central/article/64709,2026-09-07
新北市,縣市議員,新北市第3選舉區,林秉宥,民主進步黨,2026-09-02,,中央選舉委員會：115年地方公職人員選舉候選人登記名冊,https://web.cec.gov.tw/central/article/64709,2026-09-07
新北市,縣市議員,新北市第3選舉區,蔣根煌,中國國民黨,2026-09-02,,中央選舉委員會：115年地方公職人員選舉候選人登記名冊,https://web.cec.gov.tw/central/article/64709,2026-09-07
新北市,縣市議員,新北市第3選舉區,蔡健棠,中國國民黨,2026-09-02,,中央選舉委員會：115年地方公職人員選舉候選人登記名冊,https://web.cec.gov.tw/central/article/64709,2026-09-07
新北市,縣市議員,新北市第3選舉區,吳奕萱,民主進步黨,2026-09-02,,中央選舉委員會：115年地方公職人員選舉候選人登記名冊,https://web.cec.gov.tw/central/article/64709,2026-09-07
新北市,縣市議員,新北市第3選舉區,陳岱吟,民主進步黨,2026-09-02,,中央選舉委員會：115年地方公職人員選舉候選人登記名冊,https://web.cec.gov.tw/central/article/64709,2026-09-07
新北市,縣市議員,新北市第3選舉區,王珮宇,中國國民黨,2026-09-02,,中央選舉委員會：115年地方公職人員選舉候選人登記名冊,https://web.cec.gov.tw/central/article/64709,2026-09-07
新北市,縣市議員,新北市第3選舉區,陳世軒,台灣民眾黨,2026-09-02,,中央選舉委員會：115年地方公職人員選舉候選人登記名冊,https://web.cec.gov.tw/central/article/64709,2026-09-07
新北市,縣市議員,新北市第3選舉區,甘崇緯,台灣綠黨,2026-09-02,,中央選舉委員會：115年地方公職人員選舉候選人登記名冊,https://web.cec.gov.tw/central/article/64709,2026-09-07
新北市,縣市議員,新北市第3選舉區,蕭夙玲,親民黨,2026-09-03,,中央選舉委員會：115年地方公職人員選舉候選人登記名冊,https://web.cec.gov.tw/central/article/64709,2026-09-07
新北市,縣市議員,新北市第3選舉區,陳茂嘉,無,2026-09-03,,中央選舉委員會：115年地方公職人員選舉候選人登記名冊,https://web.cec.gov.tw/central/article/64709,2026-09-07
新北市,縣市議員,新北市第4選舉區,李翁月娥,無,2026-08-31,,中央選舉委員會：115年地方公職人員選舉候選人登記名冊,https://web.cec.gov.tw/central/article/64709,2026-09-07
新北市,縣市議員,新北市第4選舉區,黃桂蘭,中國國民黨,2026-08-31,,中央選舉委員會：115年地方公職人員選舉候選人登記名冊,https://web.cec.gov.tw/central/article/64709,2026-09-07
新北市,縣市議員,新北市第4選舉區,彭佳芸,民主進步黨,2026-08-31,,中央選舉委員會：115年地方公職人員選舉候選人登記名冊,https://web.cec.gov.tw/central/article/64709,2026-09-07
新北市,縣市議員,新北市第4選舉區,陳彥廷,台灣民眾黨,2026-09-01,,中央選舉委員會：115年地方公職人員選舉候選人登記名冊,https://web.cec.gov.tw/central/article/64709,2026-09-07
新北市,縣市議員,新北市第4選舉區,王威元,中國國民黨,2026-09-02,,中央選舉委員會：115年地方公職人員選舉候選人登記名冊,https://web.cec.gov.tw/central/article/64709,2026-09-07
新北市,縣市議員,新北市第4選舉區,李余典,民主進步黨,2026-09-02,,中央選舉委員會：115年地方公職人員選舉候選人登記名冊,https://web.cec.gov.tw/central/article/64709,2026-09-07
新北市,縣市議員,新北市第4選舉區,陳俊維,民主進步黨,2026-09-02,,中央選舉委員會：115年地方公職人員選舉候選人登記名冊,https://web.cec.gov.tw/central/article/64709,2026-09-07
新北市,縣市議員,新北市第4選舉區,李倩萍,民主進步黨,2026-09-02,,中央選舉委員會：115年地方公職人員選舉候選人登記名冊,https://web.cec.gov.tw/central/article/64709,2026-09-07
新北市,縣市議員,新北市第4選舉區,董俊良,無,2026-09-02,,中央選舉委員會：115年地方公職人員選舉候選人登記名冊,https://web.cec.gov.tw/central/article/64709,2026-09-07
新北市,縣市議員,新北市第4選舉區,顏蔚慈,民主進步黨,2026-09-02,,中央選舉委員會：115年地方公職人員選舉候選人登記名冊,https://web.cec.gov.tw/central/article/64709,2026-09-07
新北市,縣市議員,新北市第4選舉區,邱婷蔚,民主進步黨,2026-09-02,,中央選舉委員會：115年地方公職人員選舉候選人登記名冊,https://web.cec.gov.tw/central/article/64709,2026-09-07
新北市,縣市議員,新北市第4選舉區,陳東雲,無,2026-09-02,,中央選舉委員會：115年地方公職人員選舉候選人登記名冊,https://web.cec.gov.tw/central/article/64709,2026-09-07
新北市,縣市議員,新北市第4選舉區,蔡政呈,中國國民黨,2026-09-03,,中央選舉委員會：115年地方公職人員選舉候選人登記名冊,https://web.cec.gov.tw/central/article/64709,2026-09-07
新北市,縣市議員,新北市第4選舉區,劉成謙,親民黨,2026-09-03,,中央選舉委員會：115年地方公職人員選舉候選人登記名冊,https://web.cec.gov.tw/central/article/64709,2026-09-07
新北市,縣市議員,新北市第4選舉區,陳宛毓,小民參政歐巴桑聯盟,2026-09-03,,中央選舉委員會：115年地方公職人員選舉候選人登記名冊,https://web.cec.gov.tw/central/article/64709,2026-09-07
新北市,縣市議員,新北市第4選舉區,許宏平,台聯黨,2026-09-03,,中央選舉委員會：115年地方公職人員選舉候選人登記名冊,https://web.cec.gov.tw/central/article/64709,2026-09-07
新北市,縣市議員,新北市第4選舉區,蕭告,無,2026-09-03,,中央選舉委員會：115年地方公職人員選舉候選人登記名冊,https://web.cec.gov.tw/central/article/64709,2026-09-07
新北市,縣市議員,新北市第5選舉區,李昆穎,民主進步黨,2026-08-31,,中央選舉委員會：115年地方公職人員選舉候選人登記名冊,https://web.cec.gov.tw/central/article/64709,2026-09-07
新北市,縣市議員,新北市第5選舉區,劉美芳,中國國民黨,2026-09-01,,中央選舉委員會：115年地方公職人員選舉候選人登記名冊,https://web.cec.gov.tw/central/article/64709,2026-09-07
新北市,縣市議員,新北市第5選舉區,戴瑋姗,民主進步黨,2026-09-01,,中央選舉委員會：115年地方公職人員選舉候選人登記名冊,https://web.cec.gov.tw/central/article/64709,2026-09-07
新北市,縣市議員,新北市第5選舉區,黃淑君,民主進步黨,2026-09-01,,中央選舉委員會：115年地方公職人員選舉候選人登記名冊,https://web.cec.gov.tw/central/article/64709,2026-09-07
新北市,縣市議員,新北市第5選舉區,鄧凱勛,中國國民黨,2026-09-01,,中央選舉委員會：115年地方公職人員選舉候選人登記名冊,https://web.cec.gov.tw/central/article/64709,2026-09-07
新北市,縣市議員,新北市第5選舉區,陳俊諺,民主進步黨,2026-09-01,,中央選舉委員會：115年地方公職人員選舉候選人登記名冊,https://web.cec.gov.tw/central/article/64709,2026-09-07
新北市,縣市議員,新北市第5選舉區,山田摩衣,民主進步黨,2026-09-02,,中央選舉委員會：115年地方公職人員選舉候選人登記名冊,https://web.cec.gov.tw/central/article/64709,2026-09-07
新北市,縣市議員,新北市第5選舉區,林國春,中國國民黨,2026-09-02,,中央選舉委員會：115年地方公職人員選舉候選人登記名冊,https://web.cec.gov.tw/central/article/64709,2026-09-07
新北市,縣市議員,新北市第5選舉區,曾煥嘉,中國國民黨,2026-09-02,,中央選舉委員會：115年地方公職人員選舉候選人登記名冊,https://web.cec.gov.tw/central/article/64709,2026-09-07
新北市,縣市議員,新北市第5選舉區,林子宇,台灣民眾黨,2026-09-03,,中央選舉委員會：115年地方公職人員選舉候選人登記名冊,https://web.cec.gov.tw/central/article/64709,2026-09-07
新北市,縣市議員,新北市第5選舉區,周韋翰,中國國民黨,2026-09-03,,中央選舉委員會：115年地方公職人員選舉候選人登記名冊,https://web.cec.gov.tw/central/article/64709,2026-09-07
新北市,縣市議員,新北市第5選舉區,黃淑珍,司法改革黨,2026-09-03,,中央選舉委員會：115年地方公職人員選舉候選人登記名冊,https://web.cec.gov.tw/central/article/64709,2026-09-07
新北市,縣市議員,新北市第6選舉區,張維倩,民主進步黨,2026-08-31,,中央選舉委員會：115年地方公職人員選舉候選人登記名冊,https://web.cec.gov.tw/central/article/64709,2026-09-07
新北市,縣市議員,新北市第6選舉區,張志豪,民主進步黨,2026-09-01,,中央選舉委員會：115年地方公職人員選舉候選人登記名冊,https://web.cec.gov.tw/central/article/64709,2026-09-07
新北市,縣市議員,新北市第6選舉區,金瑞龍,中國國民黨,2026-09-01,,中央選舉委員會：115年地方公職人員選舉候選人登記名冊,https://web.cec.gov.tw/central/article/64709,2026-09-07
新北市,縣市議員,新北市第6選舉區,林達,無,2026-09-01,,中央選舉委員會：115年地方公職人員選舉候選人登記名冊,https://web.cec.gov.tw/central/article/64709,2026-09-07
新北市,縣市議員,新北市第6選舉區,陳怡君,台灣民眾黨,2026-09-02,,中央選舉委員會：115年地方公職人員選舉候選人登記名冊,https://web.cec.gov.tw/central/article/64709,2026-09-07
新北市,縣市議員,新北市第6選舉區,張嘉玲,民主進步黨,2026-09-02,,中央選舉委員會：115年地方公職人員選舉候選人登記名冊,https://web.cec.gov.tw/central/article/64709,2026-09-07
新北市,縣市議員,新北市第6選舉區,邱烽堯,中國國民黨,2026-09-02,,中央選舉委員會：115年地方公職人員選舉候選人登記名冊,https://web.cec.gov.tw/central/article/64709,2026-09-07
新北市,縣市議員,新北市第6選舉區,游輝宂,中國國民黨,2026-09-02,,中央選舉委員會：115年地方公職人員選舉候選人登記名冊,https://web.cec.gov.tw/central/article/64709,2026-09-07
新北市,縣市議員,新北市第6選舉區,陳錦錠,中國國民黨,2026-09-03,,中央選舉委員會：115年地方公職人員選舉候選人登記名冊,https://web.cec.gov.tw/central/article/64709,2026-09-07
新北市,縣市議員,新北市第7選舉區,羅文崇,民主進步黨,2026-09-01,,中央選舉委員會：115年地方公職人員選舉候選人登記名冊,https://web.cec.gov.tw/central/article/64709,2026-09-07
新北市,縣市議員,新北市第7選舉區,陳以樂,中國國民黨,2026-09-01,,中央選舉委員會：115年地方公職人員選舉候選人登記名冊,https://web.cec.gov.tw/central/article/64709,2026-09-07
新北市,縣市議員,新北市第7選舉區,許昭興,民主進步黨,2026-09-02,,中央選舉委員會：115年地方公職人員選舉候選人登記名冊,https://web.cec.gov.tw/central/article/64709,2026-09-07
新北市,縣市議員,新北市第7選舉區,陳鴻源,中國國民黨,2026-09-02,,中央選舉委員會：115年地方公職人員選舉候選人登記名冊,https://web.cec.gov.tw/central/article/64709,2026-09-07
新北市,縣市議員,新北市第7選舉區,蘇昭龍,無,2026-09-02,,中央選舉委員會：115年地方公職人員選舉候選人登記名冊,https://web.cec.gov.tw/central/article/64709,2026-09-07
新北市,縣市議員,新北市第8選舉區,高乃芸,民主進步黨,2026-08-31,,中央選舉委員會：115年地方公職人員選舉候選人登記名冊,https://web.cec.gov.tw/central/article/64709,2026-09-07
新北市,縣市議員,新北市第8選舉區,廖宜琨,民主進步黨,2026-08-31,,中央選舉委員會：115年地方公職人員選舉候選人登記名冊,https://web.cec.gov.tw/central/article/64709,2026-09-07
新北市,縣市議員,新北市第8選舉區,吳亞倫,台灣民眾黨,2026-09-01,,中央選舉委員會：115年地方公職人員選舉候選人登記名冊,https://web.cec.gov.tw/central/article/64709,2026-09-07
新北市,縣市議員,新北市第8選舉區,卓冠廷,民主進步黨,2026-09-02,,中央選舉委員會：115年地方公職人員選舉候選人登記名冊,https://web.cec.gov.tw/central/article/64709,2026-09-07
新北市,縣市議員,新北市第8選舉區,吳昇翰,民主進步黨,2026-09-02,,中央選舉委員會：115年地方公職人員選舉候選人登記名冊,https://web.cec.gov.tw/central/article/64709,2026-09-07
新北市,縣市議員,新北市第8選舉區,彭一書,民主進步黨,2026-09-02,,中央選舉委員會：115年地方公職人員選舉候選人登記名冊,https://web.cec.gov.tw/central/article/64709,2026-09-07
新北市,縣市議員,新北市第8選舉區,呂家愷,中國國民黨,2026-09-02,,中央選舉委員會：115年地方公職人員選舉候選人登記名冊,https://web.cec.gov.tw/central/article/64709,2026-09-07
新北市,縣市議員,新北市第8選舉區,蘇泓欽,無,2026-09-02,,中央選舉委員會：115年地方公職人員選舉候選人登記名冊,https://web.cec.gov.tw/central/article/64709,2026-09-07
新北市,縣市議員,新北市第8選舉區,黃永昌,中國國民黨,2026-09-03,,中央選舉委員會：115年地方公職人員選舉候選人登記名冊,https://web.cec.gov.tw/central/article/64709,2026-09-07
新北市,縣市議員,新北市第8選舉區,林金結,中國國民黨,2026-09-03,,中央選舉委員會：115年地方公職人員選舉候選人登記名冊,https://web.cec.gov.tw/central/article/64709,2026-09-07
新北市,縣市議員,新北市第8選舉區,洪佳君,中國國民黨,2026-09-04,,中央選舉委員會：115年地方公職人員選舉候選人登記名冊,https://web.cec.gov.tw/central/article/64709,2026-09-07
新北市,縣市議員,新北市第8選舉區,陳膺涵,愛民黨,2026-09-04,,中央選舉委員會：115年地方公職人員選舉候選人登記名冊,https://web.cec.gov.tw/central/article/64709,2026-09-07
新北市,縣市議員,新北市第9選舉區,張柏詠,無,2026-09-01,,中央選舉委員會：115年地方公職人員選舉候選人登記名冊,https://web.cec.gov.tw/central/article/64709,2026-09-07
新北市,縣市議員,新北市第9選舉區,邸聖德,台灣民眾黨,2026-09-01,,中央選舉委員會：115年地方公職人員選舉候選人登記名冊,https://web.cec.gov.tw/central/article/64709,2026-09-07
新北市,縣市議員,新北市第9選舉區,張佑輔,台灣綠黨,2026-09-01,,中央選舉委員會：115年地方公職人員選舉候選人登記名冊,https://web.cec.gov.tw/central/article/64709,2026-09-07
新北市,縣市議員,新北市第9選舉區,陳乃瑜,民主進步黨,2026-09-02,,中央選舉委員會：115年地方公職人員選舉候選人登記名冊,https://web.cec.gov.tw/central/article/64709,2026-09-07
新北市,縣市議員,新北市第9選舉區,黃心華,中國國民黨,2026-09-02,,中央選舉委員會：115年地方公職人員選舉候選人登記名冊,https://web.cec.gov.tw/central/article/64709,2026-09-07
新北市,縣市議員,新北市第9選舉區,陳韋任,民主進步黨,2026-09-02,,中央選舉委員會：115年地方公職人員選舉候選人登記名冊,https://web.cec.gov.tw/central/article/64709,2026-09-07
新北市,縣市議員,新北市第9選舉區,游皓麟,中國國民黨,2026-09-02,,中央選舉委員會：115年地方公職人員選舉候選人登記名冊,https://web.cec.gov.tw/central/article/64709,2026-09-07
新北市,縣市議員,新北市第9選舉區,劉哲彰,中國國民黨,2026-09-03,,中央選舉委員會：115年地方公職人員選舉候選人登記名冊,https://web.cec.gov.tw/central/article/64709,2026-09-07
新北市,縣市議員,新北市第9選舉區,陳儀君,中國國民黨,2026-09-04,,中央選舉委員會：115年地方公職人員選舉候選人登記名冊,https://web.cec.gov.tw/central/article/64709,2026-09-07
新北市,縣市議員,新北市第10選舉區,林裔綺,民主進步黨,2026-09-02,,中央選舉委員會：115年地方公職人員選舉候選人登記名冊,https://web.cec.gov.tw/central/article/64709,2026-09-07
新北市,縣市議員,新北市第10選舉區,林正峰,中國國民黨,2026-09-03,,中央選舉委員會：115年地方公職人員選舉候選人登記名冊,https://web.cec.gov.tw/central/article/64709,2026-09-07
新北市,縣市議員,新北市第11選舉區,張錦豪,民主進步黨,2026-09-01,,中央選舉委員會：115年地方公職人員選舉候選人登記名冊,https://web.cec.gov.tw/central/article/64709,2026-09-07
新北市,縣市議員,新北市第11選舉區,陳語倢,台灣民眾黨,2026-09-01,,中央選舉委員會：115年地方公職人員選舉候選人登記名冊,https://web.cec.gov.tw/central/article/64709,2026-09-07
新北市,縣市議員,新北市第11選舉區,陳竹音,勞動黨,2026-09-01,,中央選舉委員會：115年地方公職人員選舉候選人登記名冊,https://web.cec.gov.tw/central/article/64709,2026-09-07
新北市,縣市議員,新北市第11選舉區,蔡美華,民主進步黨,2026-09-02,,中央選舉委員會：115年地方公職人員選舉候選人登記名冊,https://web.cec.gov.tw/central/article/64709,2026-09-07
新北市,縣市議員,新北市第11選舉區,劉財鑫,無,2026-09-02,,中央選舉委員會：115年地方公職人員選舉候選人登記名冊,https://web.cec.gov.tw/central/article/64709,2026-09-07
新北市,縣市議員,新北市第11選舉區,白珮茹,中國國民黨,2026-09-03,,中央選舉委員會：115年地方公職人員選舉候選人登記名冊,https://web.cec.gov.tw/central/article/64709,2026-09-07
新北市,縣市議員,新北市第11選舉區,何元楷,中國國民黨,2026-09-03,,中央選舉委員會：115年地方公職人員選舉候選人登記名冊,https://web.cec.gov.tw/central/article/64709,2026-09-07
新北市,縣市議員,新北市第11選舉區,黃瑞傳,無,2026-09-03,,中央選舉委員會：115年地方公職人員選舉候選人登記名冊,https://web.cec.gov.tw/central/article/64709,2026-09-07
新北市,縣市議員,新北市第11選舉區,郭書成,無,2026-09-04,,中央選舉委員會：115年地方公職人員選舉候選人登記名冊,https://web.cec.gov.tw/central/article/64709,2026-09-07
新北市,縣市議員,新北市第12選舉區,忠仁‧達祿斯,無,2026-08-31,,中央選舉委員會：115年地方公職人員選舉候選人登記名冊,https://web.cec.gov.tw/central/article/64709,2026-09-07
新北市,縣市議員,新北市第12選舉區,吳國譽La‧Is‧Amid,中國國民黨,2026-09-01,,中央選舉委員會：115年地方公職人員選舉候選人登記名冊,https://web.cec.gov.tw/central/article/64709,2026-09-07
新北市,縣市議員,新北市第12選舉區,蘇錦雄Paylang‧Caya,民主進步黨,2026-09-02,,中央選舉委員會：115年地方公職人員選舉候選人登記名冊,https://web.cec.gov.tw/central/article/64709,2026-09-07
新北市,縣市議員,新北市第12選舉區,楊春妹,中國國民黨,2026-09-02,,中央選舉委員會：115年地方公職人員選舉候選人登記名冊,https://web.cec.gov.tw/central/article/64709,2026-09-07
新北市,縣市議員,新北市第12選舉區,宋雨蓁Nikar‧Falong,無,2026-09-03,,中央選舉委員會：115年地方公職人員選舉候選人登記名冊,https://web.cec.gov.tw/central/article/64709,2026-09-07
新北市,縣市議員,新北市第12選舉區,吳建智咖啡哥,親民黨,2026-09-03,,中央選舉委員會：115年地方公職人員選舉候選人登記名冊,https://web.cec.gov.tw/central/article/64709,2026-09-07
新北市,縣市議員,新北市第12選舉區,連祐崧,無,2026-09-04,,中央選舉委員會：115年地方公職人員選舉候選人登記名冊,https://web.cec.gov.tw/central/article/64709,2026-09-07
新北市,縣市議員,新北市第13選舉區,何應明,中國國民黨,2026-09-01,,中央選舉委員會：115年地方公職人員選舉候選人登記名冊,https://web.cec.gov.tw/central/article/64709,2026-09-07
新北市,縣市議員,新北市第13選舉區,布落‧馬信,民主進步黨,2026-09-02,,中央選舉委員會：115年地方公職人員選舉候選人登記名冊,https://web.cec.gov.tw/central/article/64709,2026-09-07
新北市,縣市議員,新北市第13選舉區,王珍珍,無,2026-09-02,,中央選舉委員會：115年地方公職人員選舉候選人登記名冊,https://web.cec.gov.tw/central/article/64709,2026-09-07
新北市,縣市議員,新北市第13選舉區,馬見Lahuy‧Ipin,無,2026-09-03,,中央選舉委員會：115年地方公職人員選舉候選人登記名冊,https://web.cec.gov.tw/central/article/64709,2026-09-07
新北市,縣市議員,新北市第13選舉區,林啟明,親民黨,2026-09-03,,中央選舉委員會：115年地方公職人員選舉候選人登記名冊,https://web.cec.gov.tw/central/article/64709,2026-09-07
新北市,縣市議員,新北市第13選舉區,羅美菁,無,2026-09-03,,中央選舉委員會：115年地方公職人員選舉候選人登記名冊,https://web.cec.gov.tw/central/article/64709,2026-09-07
桃園市,縣市議員,桃園市第1選舉區,黃婉如,中國國民黨,2026-08-31,,中央選舉委員會：115年地方公職人員選舉候選人登記名冊,https://web.cec.gov.tw/central/article/64709,2026-09-07
桃園市,縣市議員,桃園市第1選舉區,朱永煇,無,2026-08-31,,中央選舉委員會：115年地方公職人員選舉候選人登記名冊,https://web.cec.gov.tw/central/article/64709,2026-09-07
桃園市,縣市議員,桃園市第1選舉區,詹江村,中國國民黨,2026-08-31,,中央選舉委員會：115年地方公職人員選舉候選人登記名冊,https://web.cec.gov.tw/central/article/64709,2026-09-07
桃園市,縣市議員,桃園市第1選舉區,徐千晴,台灣民眾黨,2026-08-31,,中央選舉委員會：115年地方公職人員選舉候選人登記名冊,https://web.cec.gov.tw/central/article/64709,2026-09-07
桃園市,縣市議員,桃園市第1選舉區,凌濤,中國國民黨,2026-09-01,,中央選舉委員會：115年地方公職人員選舉候選人登記名冊,https://web.cec.gov.tw/central/article/64709,2026-09-07
桃園市,縣市議員,桃園市第1選舉區,李光達,民主進步黨,2026-09-01,,中央選舉委員會：115年地方公職人員選舉候選人登記名冊,https://web.cec.gov.tw/central/article/64709,2026-09-07
桃園市,縣市議員,桃園市第1選舉區,許孟祥,勞動黨,2026-09-01,,中央選舉委員會：115年地方公職人員選舉候選人登記名冊,https://web.cec.gov.tw/central/article/64709,2026-09-07
桃園市,縣市議員,桃園市第1選舉區,蕭湘瀚,無,2026-09-01,,中央選舉委員會：115年地方公職人員選舉候選人登記名冊,https://web.cec.gov.tw/central/article/64709,2026-09-07
桃園市,縣市議員,桃園市第1選舉區,陳美梅,中國國民黨,2026-09-02,,中央選舉委員會：115年地方公職人員選舉候選人登記名冊,https://web.cec.gov.tw/central/article/64709,2026-09-07
桃園市,縣市議員,桃園市第1選舉區,于北辰,無,2026-09-02,,中央選舉委員會：115年地方公職人員選舉候選人登記名冊,https://web.cec.gov.tw/central/article/64709,2026-09-07
桃園市,縣市議員,桃園市第1選舉區,余信憲,民主進步黨,2026-09-02,,中央選舉委員會：115年地方公職人員選舉候選人登記名冊,https://web.cec.gov.tw/central/article/64709,2026-09-07
桃園市,縣市議員,桃園市第1選舉區,林政賢,中國國民黨,2026-09-02,,中央選舉委員會：115年地方公職人員選舉候選人登記名冊,https://web.cec.gov.tw/central/article/64709,2026-09-07
桃園市,縣市議員,桃園市第1選舉區,李凱倫,無,2026-09-02,,中央選舉委員會：115年地方公職人員選舉候選人登記名冊,https://web.cec.gov.tw/central/article/64709,2026-09-07
桃園市,縣市議員,桃園市第1選舉區,黃瓊慧,民主進步黨,2026-09-02,,中央選舉委員會：115年地方公職人員選舉候選人登記名冊,https://web.cec.gov.tw/central/article/64709,2026-09-07
桃園市,縣市議員,桃園市第1選舉區,張碩芳,中國國民黨,2026-09-02,,中央選舉委員會：115年地方公職人員選舉候選人登記名冊,https://web.cec.gov.tw/central/article/64709,2026-09-07
桃園市,縣市議員,桃園市第1選舉區,李柏瑟,民主進步黨,2026-09-02,,中央選舉委員會：115年地方公職人員選舉候選人登記名冊,https://web.cec.gov.tw/central/article/64709,2026-09-07
桃園市,縣市議員,桃園市第1選舉區,黃家齊,民主進步黨,2026-09-03,,中央選舉委員會：115年地方公職人員選舉候選人登記名冊,https://web.cec.gov.tw/central/article/64709,2026-09-07
桃園市,縣市議員,桃園市第1選舉區,沈佩玲,小民參政歐巴桑聯盟,2026-09-03,,中央選舉委員會：115年地方公職人員選舉候選人登記名冊,https://web.cec.gov.tw/central/article/64709,2026-09-07
桃園市,縣市議員,桃園市第1選舉區,佀廣洋,無,2026-09-03,,中央選舉委員會：115年地方公職人員選舉候選人登記名冊,https://web.cec.gov.tw/central/article/64709,2026-09-07
桃園市,縣市議員,桃園市第1選舉區,王妃天崩開局穿越整頓霸凌者佀廣洋,無,2026-09-04,,中央選舉委員會：115年地方公職人員選舉候選人登記名冊,https://web.cec.gov.tw/central/article/64709,2026-09-07
桃園市,縣市議員,桃園市第2選舉區,呂學記,無,2026-08-31,,中央選舉委員會：115年地方公職人員選舉候選人登記名冊,https://web.cec.gov.tw/central/article/64709,2026-09-07
桃園市,縣市議員,桃園市第2選舉區,陳雅倫,民主進步黨,2026-08-31,,中央選舉委員會：115年地方公職人員選舉候選人登記名冊,https://web.cec.gov.tw/central/article/64709,2026-09-07
桃園市,縣市議員,桃園市第2選舉區,周曉芸,台灣民眾黨,2026-09-01,,中央選舉委員會：115年地方公職人員選舉候選人登記名冊,https://web.cec.gov.tw/central/article/64709,2026-09-07
桃園市,縣市議員,桃園市第2選舉區,李宗豪,民主進步黨,2026-09-02,,中央選舉委員會：115年地方公職人員選舉候選人登記名冊,https://web.cec.gov.tw/central/article/64709,2026-09-07
桃園市,縣市議員,桃園市第2選舉區,陳泓維,親民黨,2026-09-02,,中央選舉委員會：115年地方公職人員選舉候選人登記名冊,https://web.cec.gov.tw/central/article/64709,2026-09-07
桃園市,縣市議員,桃園市第2選舉區,林明義,中國國民黨,2026-09-02,,中央選舉委員會：115年地方公職人員選舉候選人登記名冊,https://web.cec.gov.tw/central/article/64709,2026-09-07
桃園市,縣市議員,桃園市第2選舉區,江冠妤,中國國民黨,2026-09-02,,中央選舉委員會：115年地方公職人員選舉候選人登記名冊,https://web.cec.gov.tw/central/article/64709,2026-09-07
桃園市,縣市議員,桃園市第2選舉區,高華駿,中國國民黨,2026-09-03,,中央選舉委員會：115年地方公職人員選舉候選人登記名冊,https://web.cec.gov.tw/central/article/64709,2026-09-07
桃園市,縣市議員,桃園市第2選舉區,孫韻璇,中國國民黨,2026-09-03,,中央選舉委員會：115年地方公職人員選舉候選人登記名冊,https://web.cec.gov.tw/central/article/64709,2026-09-07
桃園市,縣市議員,桃園市第3選舉區,段林淑婷,無,2026-08-31,,中央選舉委員會：115年地方公職人員選舉候選人登記名冊,https://web.cec.gov.tw/central/article/64709,2026-09-07
桃園市,縣市議員,桃園市第3選舉區,林晏良,台灣民眾黨,2026-09-01,,中央選舉委員會：115年地方公職人員選舉候選人登記名冊,https://web.cec.gov.tw/central/article/64709,2026-09-07
桃園市,縣市議員,桃園市第3選舉區,許家睿,民主進步黨,2026-09-02,,中央選舉委員會：115年地方公職人員選舉候選人登記名冊,https://web.cec.gov.tw/central/article/64709,2026-09-07
桃園市,縣市議員,桃園市第3選舉區,劉茂羣,中國國民黨,2026-09-02,,中央選舉委員會：115年地方公職人員選舉候選人登記名冊,https://web.cec.gov.tw/central/article/64709,2026-09-07
桃園市,縣市議員,桃園市第3選舉區,蔡永芳,民主進步黨,2026-09-02,,中央選舉委員會：115年地方公職人員選舉候選人登記名冊,https://web.cec.gov.tw/central/article/64709,2026-09-07
桃園市,縣市議員,桃園市第3選舉區,朱珍瑤,中國國民黨,2026-09-02,,中央選舉委員會：115年地方公職人員選舉候選人登記名冊,https://web.cec.gov.tw/central/article/64709,2026-09-07
桃園市,縣市議員,桃園市第3選舉區,楊朝偉,中國國民黨,2026-09-02,,中央選舉委員會：115年地方公職人員選舉候選人登記名冊,https://web.cec.gov.tw/central/article/64709,2026-09-07
桃園市,縣市議員,桃園市第3選舉區,呂林小鳳,民主進步黨,2026-09-02,,中央選舉委員會：115年地方公職人員選舉候選人登記名冊,https://web.cec.gov.tw/central/article/64709,2026-09-07
桃園市,縣市議員,桃園市第4選舉區,許清順,民主進步黨,2026-08-31,,中央選舉委員會：115年地方公職人員選舉候選人登記名冊,https://web.cec.gov.tw/central/article/64709,2026-09-07
桃園市,縣市議員,桃園市第4選舉區,胡家智,民主進步黨,2026-09-01,,中央選舉委員會：115年地方公職人員選舉候選人登記名冊,https://web.cec.gov.tw/central/article/64709,2026-09-07
桃園市,縣市議員,桃園市第4選舉區,錢龍,中國國民黨,2026-09-02,,中央選舉委員會：115年地方公職人員選舉候選人登記名冊,https://web.cec.gov.tw/central/article/64709,2026-09-07
桃園市,縣市議員,桃園市第4選舉區,劉勝全,無,2026-09-02,,中央選舉委員會：115年地方公職人員選舉候選人登記名冊,https://web.cec.gov.tw/central/article/64709,2026-09-07
桃園市,縣市議員,桃園市第4選舉區,郭麗華,無,2026-09-02,,中央選舉委員會：115年地方公職人員選舉候選人登記名冊,https://web.cec.gov.tw/central/article/64709,2026-09-07
桃園市,縣市議員,桃園市第4選舉區,張桂綿,中國國民黨,2026-09-03,,中央選舉委員會：115年地方公職人員選舉候選人登記名冊,https://web.cec.gov.tw/central/article/64709,2026-09-07
桃園市,縣市議員,桃園市第5選舉區,游吾和,民主進步黨,2026-09-02,,中央選舉委員會：115年地方公職人員選舉候選人登記名冊,https://web.cec.gov.tw/central/article/64709,2026-09-07
桃園市,縣市議員,桃園市第5選舉區,徐其萬,中國國民黨,2026-09-02,,中央選舉委員會：115年地方公職人員選舉候選人登記名冊,https://web.cec.gov.tw/central/article/64709,2026-09-07
桃園市,縣市議員,桃園市第5選舉區,吳文凱,無,2026-09-04,,中央選舉委員會：115年地方公職人員選舉候選人登記名冊,https://web.cec.gov.tw/central/article/64709,2026-09-07
桃園市,縣市議員,桃園市第6選舉區,陳治文,民主進步黨,2026-08-31,,中央選舉委員會：115年地方公職人員選舉候選人登記名冊,https://web.cec.gov.tw/central/article/64709,2026-09-07
桃園市,縣市議員,桃園市第6選舉區,劉儲禎,無,2026-08-31,,中央選舉委員會：115年地方公職人員選舉候選人登記名冊,https://web.cec.gov.tw/central/article/64709,2026-09-07
桃園市,縣市議員,桃園市第6選舉區,徐慈檉,親民黨,2026-09-02,,中央選舉委員會：115年地方公職人員選舉候選人登記名冊,https://web.cec.gov.tw/central/article/64709,2026-09-07
桃園市,縣市議員,桃園市第6選舉區,李柏坊,中國國民黨,2026-09-02,,中央選舉委員會：115年地方公職人員選舉候選人登記名冊,https://web.cec.gov.tw/central/article/64709,2026-09-07
桃園市,縣市議員,桃園市第6選舉區,江國輝,無,2026-09-02,,中央選舉委員會：115年地方公職人員選舉候選人登記名冊,https://web.cec.gov.tw/central/article/64709,2026-09-07
桃園市,縣市議員,桃園市第7選舉區,張曉昀,民主進步黨,2026-08-31,,中央選舉委員會：115年地方公職人員選舉候選人登記名冊,https://web.cec.gov.tw/central/article/64709,2026-09-07
桃園市,縣市議員,桃園市第7選舉區,彭康傑,中國國民黨,2026-09-01,,中央選舉委員會：115年地方公職人員選舉候選人登記名冊,https://web.cec.gov.tw/central/article/64709,2026-09-07
桃園市,縣市議員,桃園市第7選舉區,葉明月,中國國民黨,2026-09-01,,中央選舉委員會：115年地方公職人員選舉候選人登記名冊,https://web.cec.gov.tw/central/article/64709,2026-09-07
桃園市,縣市議員,桃園市第7選舉區,毛嘉慶,無,2026-09-01,,中央選舉委員會：115年地方公職人員選舉候選人登記名冊,https://web.cec.gov.tw/central/article/64709,2026-09-07
桃園市,縣市議員,桃園市第7選舉區,劉曾玉春,無,2026-09-02,,中央選舉委員會：115年地方公職人員選舉候選人登記名冊,https://web.cec.gov.tw/central/article/64709,2026-09-07
桃園市,縣市議員,桃園市第7選舉區,黃崇真,民主進步黨,2026-09-02,,中央選舉委員會：115年地方公職人員選舉候選人登記名冊,https://web.cec.gov.tw/central/article/64709,2026-09-07
桃園市,縣市議員,桃園市第7選舉區,彭俊豪,民主進步黨,2026-09-02,,中央選舉委員會：115年地方公職人員選舉候選人登記名冊,https://web.cec.gov.tw/central/article/64709,2026-09-07
桃園市,縣市議員,桃園市第7選舉區,張兆恩,無,2026-09-02,,中央選舉委員會：115年地方公職人員選舉候選人登記名冊,https://web.cec.gov.tw/central/article/64709,2026-09-07
桃園市,縣市議員,桃園市第7選舉區,劉安祺,中國國民黨,2026-09-02,,中央選舉委員會：115年地方公職人員選舉候選人登記名冊,https://web.cec.gov.tw/central/article/64709,2026-09-07
桃園市,縣市議員,桃園市第7選舉區,吳睿霖,中國國民黨,2026-09-02,,中央選舉委員會：115年地方公職人員選舉候選人登記名冊,https://web.cec.gov.tw/central/article/64709,2026-09-07
桃園市,縣市議員,桃園市第7選舉區,梁為超,中國國民黨,2026-09-02,,中央選舉委員會：115年地方公職人員選舉候選人登記名冊,https://web.cec.gov.tw/central/article/64709,2026-09-07
桃園市,縣市議員,桃園市第7選舉區,邱奕勝,中國國民黨,2026-09-02,,中央選舉委員會：115年地方公職人員選舉候選人登記名冊,https://web.cec.gov.tw/central/article/64709,2026-09-07
桃園市,縣市議員,桃園市第7選舉區,張仲方,無,2026-09-02,,中央選舉委員會：115年地方公職人員選舉候選人登記名冊,https://web.cec.gov.tw/central/article/64709,2026-09-07
桃園市,縣市議員,桃園市第7選舉區,魏筠,民主進步黨,2026-09-03,,中央選舉委員會：115年地方公職人員選舉候選人登記名冊,https://web.cec.gov.tw/central/article/64709,2026-09-07
桃園市,縣市議員,桃園市第7選舉區,李欣,無,2026-09-03,,中央選舉委員會：115年地方公職人員選舉候選人登記名冊,https://web.cec.gov.tw/central/article/64709,2026-09-07
桃園市,縣市議員,桃園市第7選舉區,謝美英,無,2026-09-03,,中央選舉委員會：115年地方公職人員選舉候選人登記名冊,https://web.cec.gov.tw/central/article/64709,2026-09-07
桃園市,縣市議員,桃園市第7選舉區,徐盛揚,無,2026-09-03,,中央選舉委員會：115年地方公職人員選舉候選人登記名冊,https://web.cec.gov.tw/central/article/64709,2026-09-07
桃園市,縣市議員,桃園市第8選舉區,高宇彥,無,2026-08-31,,中央選舉委員會：115年地方公職人員選舉候選人登記名冊,https://web.cec.gov.tw/central/article/64709,2026-09-07
桃園市,縣市議員,桃園市第8選舉區,王珮毓,民主進步黨,2026-09-02,,中央選舉委員會：115年地方公職人員選舉候選人登記名冊,https://web.cec.gov.tw/central/article/64709,2026-09-07
桃園市,縣市議員,桃園市第8選舉區,劉仁照,民主進步黨,2026-09-02,,中央選舉委員會：115年地方公職人員選舉候選人登記名冊,https://web.cec.gov.tw/central/article/64709,2026-09-07
桃園市,縣市議員,桃園市第8選舉區,舒翠玲,中國國民黨,2026-09-02,,中央選舉委員會：115年地方公職人員選舉候選人登記名冊,https://web.cec.gov.tw/central/article/64709,2026-09-07
桃園市,縣市議員,桃園市第8選舉區,陳韋曄,中國國民黨,2026-09-02,,中央選舉委員會：115年地方公職人員選舉候選人登記名冊,https://web.cec.gov.tw/central/article/64709,2026-09-07
桃園市,縣市議員,桃園市第8選舉區,黃敬平,中國國民黨,2026-09-03,,中央選舉委員會：115年地方公職人員選舉候選人登記名冊,https://web.cec.gov.tw/central/article/64709,2026-09-07
桃園市,縣市議員,桃園市第8選舉區,白丞堯,無,2026-09-03,,中央選舉委員會：115年地方公職人員選舉候選人登記名冊,https://web.cec.gov.tw/central/article/64709,2026-09-07
桃園市,縣市議員,桃園市第8選舉區,吳正吉,台灣民眾黨,2026-09-03,,中央選舉委員會：115年地方公職人員選舉候選人登記名冊,https://web.cec.gov.tw/central/article/64709,2026-09-07
桃園市,縣市議員,桃園市第8選舉區,彭柏霖,中國國民黨,2026-09-04,,中央選舉委員會：115年地方公職人員選舉候選人登記名冊,https://web.cec.gov.tw/central/article/64709,2026-09-07
桃園市,縣市議員,桃園市第8選舉區,羅文欽,無,2026-09-04,,中央選舉委員會：115年地方公職人員選舉候選人登記名冊,https://web.cec.gov.tw/central/article/64709,2026-09-07
桃園市,縣市議員,桃園市第9選舉區,劉定唐,無,2026-08-31,,中央選舉委員會：115年地方公職人員選舉候選人登記名冊,https://web.cec.gov.tw/central/article/64709,2026-09-07
桃園市,縣市議員,桃園市第9選舉區,項柏翰,民主進步黨,2026-09-01,,中央選舉委員會：115年地方公職人員選舉候選人登記名冊,https://web.cec.gov.tw/central/article/64709,2026-09-07
桃園市,縣市議員,桃園市第9選舉區,鄭淑方,民主進步黨,2026-09-02,,中央選舉委員會：115年地方公職人員選舉候選人登記名冊,https://web.cec.gov.tw/central/article/64709,2026-09-07
桃園市,縣市議員,桃園市第9選舉區,李家興,無,2026-09-02,,中央選舉委員會：115年地方公職人員選舉候選人登記名冊,https://web.cec.gov.tw/central/article/64709,2026-09-07
桃園市,縣市議員,桃園市第9選舉區,黃盈淇,無,2026-09-02,,中央選舉委員會：115年地方公職人員選舉候選人登記名冊,https://web.cec.gov.tw/central/article/64709,2026-09-07
桃園市,縣市議員,桃園市第9選舉區,周玉琴,中國國民黨,2026-09-02,,中央選舉委員會：115年地方公職人員選舉候選人登記名冊,https://web.cec.gov.tw/central/article/64709,2026-09-07
桃園市,縣市議員,桃園市第9選舉區,古振豐,中國國民黨,2026-09-03,,中央選舉委員會：115年地方公職人員選舉候選人登記名冊,https://web.cec.gov.tw/central/article/64709,2026-09-07
桃園市,縣市議員,桃園市第10選舉區,劉熒隆,中國國民黨,2026-08-31,,中央選舉委員會：115年地方公職人員選舉候選人登記名冊,https://web.cec.gov.tw/central/article/64709,2026-09-07
桃園市,縣市議員,桃園市第10選舉區,吳平娥,無,2026-09-02,,中央選舉委員會：115年地方公職人員選舉候選人登記名冊,https://web.cec.gov.tw/central/article/64709,2026-09-07
桃園市,縣市議員,桃園市第10選舉區,張贊聞,民主進步黨,2026-09-02,,中央選舉委員會：115年地方公職人員選舉候選人登記名冊,https://web.cec.gov.tw/central/article/64709,2026-09-07
桃園市,縣市議員,桃園市第10選舉區,徐玉樹,中國國民黨,2026-09-02,,中央選舉委員會：115年地方公職人員選舉候選人登記名冊,https://web.cec.gov.tw/central/article/64709,2026-09-07
桃園市,縣市議員,桃園市第10選舉區,林昭賢,中國國民黨,2026-09-03,,中央選舉委員會：115年地方公職人員選舉候選人登記名冊,https://web.cec.gov.tw/central/article/64709,2026-09-07
桃園市,縣市議員,桃園市第11選舉區,陳睿生,民主進步黨,2026-08-31,,中央選舉委員會：115年地方公職人員選舉候選人登記名冊,https://web.cec.gov.tw/central/article/64709,2026-09-07
桃園市,縣市議員,桃園市第11選舉區,邱文威,無,2026-09-02,,中央選舉委員會：115年地方公職人員選舉候選人登記名冊,https://web.cec.gov.tw/central/article/64709,2026-09-07
桃園市,縣市議員,桃園市第12選舉區,張佩芸,民主進步黨,2026-09-02,,中央選舉委員會：115年地方公職人員選舉候選人登記名冊,https://web.cec.gov.tw/central/article/64709,2026-09-07
桃園市,縣市議員,桃園市第12選舉區,許更生,無,2026-09-02,,中央選舉委員會：115年地方公職人員選舉候選人登記名冊,https://web.cec.gov.tw/central/article/64709,2026-09-07
桃園市,縣市議員,桃園市第12選舉區,吳進昌,中國國民黨,2026-09-02,,中央選舉委員會：115年地方公職人員選舉候選人登記名冊,https://web.cec.gov.tw/central/article/64709,2026-09-07
桃園市,縣市議員,桃園市第13選舉區,王仙蓮,中國國民黨,2026-09-01,,中央選舉委員會：115年地方公職人員選舉候選人登記名冊,https://web.cec.gov.tw/central/article/64709,2026-09-07
桃園市,縣市議員,桃園市第13選舉區,林志強,民主進步黨,2026-09-01,,中央選舉委員會：115年地方公職人員選舉候選人登記名冊,https://web.cec.gov.tw/central/article/64709,2026-09-07
桃園市,縣市議員,桃園市第13選舉區,張秀菊,無,2026-09-02,,中央選舉委員會：115年地方公職人員選舉候選人登記名冊,https://web.cec.gov.tw/central/article/64709,2026-09-07
桃園市,縣市議員,桃園市第13選舉區,陳卉蓁,中國國民黨,2026-09-02,,中央選舉委員會：115年地方公職人員選舉候選人登記名冊,https://web.cec.gov.tw/central/article/64709,2026-09-07
桃園市,縣市議員,桃園市第13選舉區,楊進福,無,2026-09-02,,中央選舉委員會：115年地方公職人員選舉候選人登記名冊,https://web.cec.gov.tw/central/article/64709,2026-09-07
桃園市,縣市議員,桃園市第13選舉區,李鴻志,無,2026-09-03,,中央選舉委員會：115年地方公職人員選舉候選人登記名冊,https://web.cec.gov.tw/central/article/64709,2026-09-07
桃園市,縣市議員,桃園市第14選舉區,陳瑛,中國國民黨,2026-09-01,,中央選舉委員會：115年地方公職人員選舉候選人登記名冊,https://web.cec.gov.tw/central/article/64709,2026-09-07
桃園市,縣市議員,桃園市第14選舉區,謝卓儒,民主進步黨,2026-09-02,,中央選舉委員會：115年地方公職人員選舉候選人登記名冊,https://web.cec.gov.tw/central/article/64709,2026-09-07
桃園市,縣市議員,桃園市第14選舉區,林秋霖,無,2026-09-02,,中央選舉委員會：115年地方公職人員選舉候選人登記名冊,https://web.cec.gov.tw/central/article/64709,2026-09-07
桃園市,縣市議員,桃園市第14選舉區,邱伯倫,無,2026-09-02,,中央選舉委員會：115年地方公職人員選舉候選人登記名冊,https://web.cec.gov.tw/central/article/64709,2026-09-07
桃園市,縣市議員,桃園市第14選舉區,張倉豪,中國國民黨,2026-09-02,,中央選舉委員會：115年地方公職人員選舉候選人登記名冊,https://web.cec.gov.tw/central/article/64709,2026-09-07
桃園市,縣市議員,桃園市第14選舉區,簡志偉,中國國民黨,2026-09-02,,中央選舉委員會：115年地方公職人員選舉候選人登記名冊,https://web.cec.gov.tw/central/article/64709,2026-09-07
桃園市,縣市議員,桃園市第14選舉區,蘇偉恩,無,2026-09-03,,中央選舉委員會：115年地方公職人員選舉候選人登記名冊,https://web.cec.gov.tw/central/article/64709,2026-09-07
桃園市,縣市議員,桃園市第14選舉區,曾庭筠,無,2026-09-03,,中央選舉委員會：115年地方公職人員選舉候選人登記名冊,https://web.cec.gov.tw/central/article/64709,2026-09-07
臺中市,縣市議員,臺中市第1選舉區,吳中源,民主進步黨,2026-08-31,,中央選舉委員會：115年地方公職人員選舉候選人登記名冊,https://web.cec.gov.tw/central/article/64709,2026-09-07
臺中市,縣市議員,臺中市第1選舉區,楊啓邦,中國國民黨,2026-08-31,,中央選舉委員會：115年地方公職人員選舉候選人登記名冊,https://web.cec.gov.tw/central/article/64709,2026-09-07
臺中市,縣市議員,臺中市第1選舉區,施志昌,民主進步黨,2026-09-01,,中央選舉委員會：115年地方公職人員選舉候選人登記名冊,https://web.cec.gov.tw/central/article/64709,2026-09-07
臺中市,縣市議員,臺中市第1選舉區,李文傑,中國國民黨,2026-09-02,,中央選舉委員會：115年地方公職人員選舉候選人登記名冊,https://web.cec.gov.tw/central/article/64709,2026-09-07
臺中市,縣市議員,臺中市第2選舉區,陳永祥,台灣民眾黨,2026-08-31,,中央選舉委員會：115年地方公職人員選舉候選人登記名冊,https://web.cec.gov.tw/central/article/64709,2026-09-07
臺中市,縣市議員,臺中市第2選舉區,王立任,民主進步黨,2026-09-01,,中央選舉委員會：115年地方公職人員選舉候選人登記名冊,https://web.cec.gov.tw/central/article/64709,2026-09-07
臺中市,縣市議員,臺中市第2選舉區,顏莉敏,中國國民黨,2026-09-02,,中央選舉委員會：115年地方公職人員選舉候選人登記名冊,https://web.cec.gov.tw/central/article/64709,2026-09-07
臺中市,縣市議員,臺中市第2選舉區,楊典忠,民主進步黨,2026-09-02,,中央選舉委員會：115年地方公職人員選舉候選人登記名冊,https://web.cec.gov.tw/central/article/64709,2026-09-07
臺中市,縣市議員,臺中市第2選舉區,張清照,中國國民黨,2026-09-02,,中央選舉委員會：115年地方公職人員選舉候選人登記名冊,https://web.cec.gov.tw/central/article/64709,2026-09-07
臺中市,縣市議員,臺中市第2選舉區,陳怡潔,民主進步黨,2026-09-02,,中央選舉委員會：115年地方公職人員選舉候選人登記名冊,https://web.cec.gov.tw/central/article/64709,2026-09-07
臺中市,縣市議員,臺中市第2選舉區,陳廷秀,無,2026-09-02,,中央選舉委員會：115年地方公職人員選舉候選人登記名冊,https://web.cec.gov.tw/central/article/64709,2026-09-07
臺中市,縣市議員,臺中市第3選舉區,曾威,民主進步黨,2026-09-01,,中央選舉委員會：115年地方公職人員選舉候選人登記名冊,https://web.cec.gov.tw/central/article/64709,2026-09-07
臺中市,縣市議員,臺中市第3選舉區,張家銨,民主進步黨,2026-09-02,,中央選舉委員會：115年地方公職人員選舉候選人登記名冊,https://web.cec.gov.tw/central/article/64709,2026-09-07
臺中市,縣市議員,臺中市第3選舉區,林孟令,中國國民黨,2026-09-03,,中央選舉委員會：115年地方公職人員選舉候選人登記名冊,https://web.cec.gov.tw/central/article/64709,2026-09-07
臺中市,縣市議員,臺中市第3選舉區,吳瓊華,中國國民黨,2026-09-04,,中央選舉委員會：115年地方公職人員選舉候選人登記名冊,https://web.cec.gov.tw/central/article/64709,2026-09-07
臺中市,縣市議員,臺中市第3選舉區,林汝洲,無,2026-09-04,,中央選舉委員會：115年地方公職人員選舉候選人登記名冊,https://web.cec.gov.tw/central/article/64709,2026-09-07
臺中市,縣市議員,臺中市第4選舉區,連小華,台灣民眾黨,2026-08-31,,中央選舉委員會：115年地方公職人員選舉候選人登記名冊,https://web.cec.gov.tw/central/article/64709,2026-09-07
臺中市,縣市議員,臺中市第4選舉區,邱愛珊,中國國民黨,2026-08-31,,中央選舉委員會：115年地方公職人員選舉候選人登記名冊,https://web.cec.gov.tw/central/article/64709,2026-09-07
臺中市,縣市議員,臺中市第4選舉區,蔡怡萱,民主進步黨,2026-08-31,,中央選舉委員會：115年地方公職人員選舉候選人登記名冊,https://web.cec.gov.tw/central/article/64709,2026-09-07
臺中市,縣市議員,臺中市第4選舉區,劉和豐,無,2026-08-31,,中央選舉委員會：115年地方公職人員選舉候選人登記名冊,https://web.cec.gov.tw/central/article/64709,2026-09-07
臺中市,縣市議員,臺中市第4選舉區,謝志忠,民主進步黨,2026-09-01,,中央選舉委員會：115年地方公職人員選舉候選人登記名冊,https://web.cec.gov.tw/central/article/64709,2026-09-07
臺中市,縣市議員,臺中市第4選舉區,連佳振,中國國民黨,2026-09-02,,中央選舉委員會：115年地方公職人員選舉候選人登記名冊,https://web.cec.gov.tw/central/article/64709,2026-09-07
臺中市,縣市議員,臺中市第4選舉區,王朝坤,無,2026-09-02,,中央選舉委員會：115年地方公職人員選舉候選人登記名冊,https://web.cec.gov.tw/central/article/64709,2026-09-07
臺中市,縣市議員,臺中市第4選舉區,黃朝淵,親民黨,2026-09-03,,中央選舉委員會：115年地方公職人員選舉候選人登記名冊,https://web.cec.gov.tw/central/article/64709,2026-09-07
臺中市,縣市議員,臺中市第4選舉區,陳本添,中國國民黨,2026-09-04,,中央選舉委員會：115年地方公職人員選舉候選人登記名冊,https://web.cec.gov.tw/central/article/64709,2026-09-07
臺中市,縣市議員,臺中市第5選舉區,蕭隆澤,民主進步黨,2026-08-31,,中央選舉委員會：115年地方公職人員選舉候選人登記名冊,https://web.cec.gov.tw/central/article/64709,2026-09-07
臺中市,縣市議員,臺中市第5選舉區,吳呈賢,中國國民黨,2026-08-31,,中央選舉委員會：115年地方公職人員選舉候選人登記名冊,https://web.cec.gov.tw/central/article/64709,2026-09-07
臺中市,縣市議員,臺中市第5選舉區,陳清崧,中國國民黨,2026-08-31,,中央選舉委員會：115年地方公職人員選舉候選人登記名冊,https://web.cec.gov.tw/central/article/64709,2026-09-07
臺中市,縣市議員,臺中市第5選舉區,陳映辰,民主進步黨,2026-09-01,,中央選舉委員會：115年地方公職人員選舉候選人登記名冊,https://web.cec.gov.tw/central/article/64709,2026-09-07
臺中市,縣市議員,臺中市第5選舉區,張烱春,司法改革黨,2026-09-01,,中央選舉委員會：115年地方公職人員選舉候選人登記名冊,https://web.cec.gov.tw/central/article/64709,2026-09-07
臺中市,縣市議員,臺中市第5選舉區,賴朝國,中國國民黨,2026-09-02,,中央選舉委員會：115年地方公職人員選舉候選人登記名冊,https://web.cec.gov.tw/central/article/64709,2026-09-07
臺中市,縣市議員,臺中市第5選舉區,周永鴻,民主進步黨,2026-09-02,,中央選舉委員會：115年地方公職人員選舉候選人登記名冊,https://web.cec.gov.tw/central/article/64709,2026-09-07
臺中市,縣市議員,臺中市第5選舉區,林鈺梅,無,2026-09-02,,中央選舉委員會：115年地方公職人員選舉候選人登記名冊,https://web.cec.gov.tw/central/article/64709,2026-09-07
臺中市,縣市議員,臺中市第5選舉區,徐瑄灃,無,2026-09-03,,中央選舉委員會：115年地方公職人員選舉候選人登記名冊,https://web.cec.gov.tw/central/article/64709,2026-09-07
臺中市,縣市議員,臺中市第5選舉區,蔡慧君,無,2026-09-04,,中央選舉委員會：115年地方公職人員選舉候選人登記名冊,https://web.cec.gov.tw/central/article/64709,2026-09-07
臺中市,縣市議員,臺中市第6選舉區,陳淑華,民主進步黨,2026-08-31,,中央選舉委員會：115年地方公職人員選舉候選人登記名冊,https://web.cec.gov.tw/central/article/64709,2026-09-07
臺中市,縣市議員,臺中市第6選舉區,劉芩妤,台灣民眾黨,2026-08-31,,中央選舉委員會：115年地方公職人員選舉候選人登記名冊,https://web.cec.gov.tw/central/article/64709,2026-09-07
臺中市,縣市議員,臺中市第6選舉區,楊大鋐,中國國民黨,2026-08-31,,中央選舉委員會：115年地方公職人員選舉候選人登記名冊,https://web.cec.gov.tw/central/article/64709,2026-09-07
臺中市,縣市議員,臺中市第6選舉區,林祈烽,民主進步黨,2026-09-01,,中央選舉委員會：115年地方公職人員選舉候選人登記名冊,https://web.cec.gov.tw/central/article/64709,2026-09-07
臺中市,縣市議員,臺中市第6選舉區,黃馨慧,中國國民黨,2026-09-02,,中央選舉委員會：115年地方公職人員選舉候選人登記名冊,https://web.cec.gov.tw/central/article/64709,2026-09-07
臺中市,縣市議員,臺中市第6選舉區,張廖乃綸,中國國民黨,2026-09-02,,中央選舉委員會：115年地方公職人員選舉候選人登記名冊,https://web.cec.gov.tw/central/article/64709,2026-09-07
臺中市,縣市議員,臺中市第7選舉區,劉士州,中國國民黨,2026-08-31,,中央選舉委員會：115年地方公職人員選舉候選人登記名冊,https://web.cec.gov.tw/central/article/64709,2026-09-07
臺中市,縣市議員,臺中市第7選舉區,張耀中,民主進步黨,2026-09-01,,中央選舉委員會：115年地方公職人員選舉候選人登記名冊,https://web.cec.gov.tw/central/article/64709,2026-09-07
臺中市,縣市議員,臺中市第7選舉區,朱暖英,中國國民黨,2026-09-02,,中央選舉委員會：115年地方公職人員選舉候選人登記名冊,https://web.cec.gov.tw/central/article/64709,2026-09-07
臺中市,縣市議員,臺中市第7選舉區,何文海,民主進步黨,2026-09-02,,中央選舉委員會：115年地方公職人員選舉候選人登記名冊,https://web.cec.gov.tw/central/article/64709,2026-09-07
臺中市,縣市議員,臺中市第7選舉區,吳佩芸,無,2026-09-04,,中央選舉委員會：115年地方公職人員選舉候選人登記名冊,https://web.cec.gov.tw/central/article/64709,2026-09-07
臺中市,縣市議員,臺中市第8選舉區,邱于珊,台灣民眾黨,2026-08-31,,中央選舉委員會：115年地方公職人員選舉候選人登記名冊,https://web.cec.gov.tw/central/article/64709,2026-09-07
臺中市,縣市議員,臺中市第8選舉區,賴順仁,中國國民黨,2026-08-31,,中央選舉委員會：115年地方公職人員選舉候選人登記名冊,https://web.cec.gov.tw/central/article/64709,2026-09-07
臺中市,縣市議員,臺中市第8選舉區,謝家宜,民主進步黨,2026-08-31,,中央選舉委員會：115年地方公職人員選舉候選人登記名冊,https://web.cec.gov.tw/central/article/64709,2026-09-07
臺中市,縣市議員,臺中市第8選舉區,沈佑蓮,中國國民黨,2026-09-02,,中央選舉委員會：115年地方公職人員選舉候選人登記名冊,https://web.cec.gov.tw/central/article/64709,2026-09-07
臺中市,縣市議員,臺中市第8選舉區,段體佩,無,2026-09-02,,中央選舉委員會：115年地方公職人員選舉候選人登記名冊,https://web.cec.gov.tw/central/article/64709,2026-09-07
臺中市,縣市議員,臺中市第8選舉區,彭振芳,無,2026-09-02,,中央選舉委員會：115年地方公職人員選舉候選人登記名冊,https://web.cec.gov.tw/central/article/64709,2026-09-07
臺中市,縣市議員,臺中市第8選舉區,曾咨耀,民主進步黨,2026-09-02,,中央選舉委員會：115年地方公職人員選舉候選人登記名冊,https://web.cec.gov.tw/central/article/64709,2026-09-07
臺中市,縣市議員,臺中市第8選舉區,蔡佩珊,小民參政歐巴桑聯盟,2026-09-02,,中央選舉委員會：115年地方公職人員選舉候選人登記名冊,https://web.cec.gov.tw/central/article/64709,2026-09-07
臺中市,縣市議員,臺中市第8選舉區,陳信秀,民主進步黨,2026-09-02,,中央選舉委員會：115年地方公職人員選舉候選人登記名冊,https://web.cec.gov.tw/central/article/64709,2026-09-07
臺中市,縣市議員,臺中市第8選舉區,陳諭韋,無,2026-09-02,,中央選舉委員會：115年地方公職人員選舉候選人登記名冊,https://web.cec.gov.tw/central/article/64709,2026-09-07
臺中市,縣市議員,臺中市第8選舉區,吳宗學,中國國民黨,2026-09-03,,中央選舉委員會：115年地方公職人員選舉候選人登記名冊,https://web.cec.gov.tw/central/article/64709,2026-09-07
臺中市,縣市議員,臺中市第8選舉區,許育璿,中國國民黨,2026-09-03,,中央選舉委員會：115年地方公職人員選舉候選人登記名冊,https://web.cec.gov.tw/central/article/64709,2026-09-07
臺中市,縣市議員,臺中市第8選舉區,楊政昱,無,2026-09-04,,中央選舉委員會：115年地方公職人員選舉候選人登記名冊,https://web.cec.gov.tw/central/article/64709,2026-09-07
臺中市,縣市議員,臺中市第9選舉區,簡嘉佑,民主進步黨,2026-09-01,,中央選舉委員會：115年地方公職人員選舉候選人登記名冊,https://web.cec.gov.tw/central/article/64709,2026-09-07
臺中市,縣市議員,臺中市第9選舉區,陳文政,中國國民黨,2026-09-02,,中央選舉委員會：115年地方公職人員選舉候選人登記名冊,https://web.cec.gov.tw/central/article/64709,2026-09-07
臺中市,縣市議員,臺中市第9選舉區,陳政顯,中國國民黨,2026-09-02,,中央選舉委員會：115年地方公職人員選舉候選人登記名冊,https://web.cec.gov.tw/central/article/64709,2026-09-07
臺中市,縣市議員,臺中市第9選舉區,陳俞融,民主進步黨,2026-09-02,,中央選舉委員會：115年地方公職人員選舉候選人登記名冊,https://web.cec.gov.tw/central/article/64709,2026-09-07
臺中市,縣市議員,臺中市第10選舉區,張彥彤,中國國民黨,2026-08-31,,中央選舉委員會：115年地方公職人員選舉候選人登記名冊,https://web.cec.gov.tw/central/article/64709,2026-09-07
臺中市,縣市議員,臺中市第10選舉區,黃守達,民主進步黨,2026-09-01,,中央選舉委員會：115年地方公職人員選舉候選人登記名冊,https://web.cec.gov.tw/central/article/64709,2026-09-07
臺中市,縣市議員,臺中市第10選舉區,林靈,勞動黨,2026-09-02,,中央選舉委員會：115年地方公職人員選舉候選人登記名冊,https://web.cec.gov.tw/central/article/64709,2026-09-07
臺中市,縣市議員,臺中市第10選舉區,江肇國,民主進步黨,2026-09-03,,中央選舉委員會：115年地方公職人員選舉候選人登記名冊,https://web.cec.gov.tw/central/article/64709,2026-09-07
臺中市,縣市議員,臺中市第11選舉區,楊寶楨,無,2026-08-31,,中央選舉委員會：115年地方公職人員選舉候選人登記名冊,https://web.cec.gov.tw/central/article/64709,2026-09-07
臺中市,縣市議員,臺中市第11選舉區,陳雅惠,民主進步黨,2026-08-31,,中央選舉委員會：115年地方公職人員選舉候選人登記名冊,https://web.cec.gov.tw/central/article/64709,2026-09-07
臺中市,縣市議員,臺中市第11選舉區,鄭功進,民主進步黨,2026-09-01,,中央選舉委員會：115年地方公職人員選舉候選人登記名冊,https://web.cec.gov.tw/central/article/64709,2026-09-07
臺中市,縣市議員,臺中市第11選舉區,林霈涵,中國國民黨,2026-09-02,,中央選舉委員會：115年地方公職人員選舉候選人登記名冊,https://web.cec.gov.tw/central/article/64709,2026-09-07
臺中市,縣市議員,臺中市第11選舉區,李中,中國國民黨,2026-09-02,,中央選舉委員會：115年地方公職人員選舉候選人登記名冊,https://web.cec.gov.tw/central/article/64709,2026-09-07
臺中市,縣市議員,臺中市第11選舉區,何翊綾,民主進步黨,2026-09-02,,中央選舉委員會：115年地方公職人員選舉候選人登記名冊,https://web.cec.gov.tw/central/article/64709,2026-09-07
臺中市,縣市議員,臺中市第11選舉區,林英成,無,2026-09-03,,中央選舉委員會：115年地方公職人員選舉候選人登記名冊,https://web.cec.gov.tw/central/article/64709,2026-09-07
臺中市,縣市議員,臺中市第11選舉區,周啓揚,無,2026-09-04,,中央選舉委員會：115年地方公職人員選舉候選人登記名冊,https://web.cec.gov.tw/central/article/64709,2026-09-07
臺中市,縣市議員,臺中市第12選舉區,許書豪,台灣民眾黨,2026-08-31,,中央選舉委員會：115年地方公職人員選舉候選人登記名冊,https://web.cec.gov.tw/central/article/64709,2026-09-07
臺中市,縣市議員,臺中市第12選舉區,張玉嬿,民主進步黨,2026-08-31,,中央選舉委員會：115年地方公職人員選舉候選人登記名冊,https://web.cec.gov.tw/central/article/64709,2026-09-07
臺中市,縣市議員,臺中市第12選舉區,黃佳恬,中國國民黨,2026-08-31,,中央選舉委員會：115年地方公職人員選舉候選人登記名冊,https://web.cec.gov.tw/central/article/64709,2026-09-07
臺中市,縣市議員,臺中市第12選舉區,賴義鍠,中國國民黨,2026-09-01,,中央選舉委員會：115年地方公職人員選舉候選人登記名冊,https://web.cec.gov.tw/central/article/64709,2026-09-07
臺中市,縣市議員,臺中市第12選舉區,蔡耀頡,民主進步黨,2026-09-02,,中央選舉委員會：115年地方公職人員選舉候選人登記名冊,https://web.cec.gov.tw/central/article/64709,2026-09-07
臺中市,縣市議員,臺中市第12選舉區,閻泰利,無,2026-09-02,,中央選舉委員會：115年地方公職人員選舉候選人登記名冊,https://web.cec.gov.tw/central/article/64709,2026-09-07
臺中市,縣市議員,臺中市第12選舉區,張書華,無,2026-09-03,,中央選舉委員會：115年地方公職人員選舉候選人登記名冊,https://web.cec.gov.tw/central/article/64709,2026-09-07
臺中市,縣市議員,臺中市第13選舉區,江和樹,台灣民眾黨,2026-08-31,,中央選舉委員會：115年地方公職人員選舉候選人登記名冊,https://web.cec.gov.tw/central/article/64709,2026-09-07
臺中市,縣市議員,臺中市第13選舉區,張芬郁,民主進步黨,2026-08-31,,中央選舉委員會：115年地方公職人員選舉候選人登記名冊,https://web.cec.gov.tw/central/article/64709,2026-09-07
臺中市,縣市議員,臺中市第13選舉區,林德宇,民主進步黨,2026-09-01,,中央選舉委員會：115年地方公職人員選舉候選人登記名冊,https://web.cec.gov.tw/central/article/64709,2026-09-07
臺中市,縣市議員,臺中市第13選舉區,張滄沂,無,2026-09-01,,中央選舉委員會：115年地方公職人員選舉候選人登記名冊,https://web.cec.gov.tw/central/article/64709,2026-09-07
臺中市,縣市議員,臺中市第13選舉區,蘇柏興,中國國民黨,2026-09-02,,中央選舉委員會：115年地方公職人員選舉候選人登記名冊,https://web.cec.gov.tw/central/article/64709,2026-09-07
臺中市,縣市議員,臺中市第13選舉區,林碧秀,中國國民黨,2026-09-02,,中央選舉委員會：115年地方公職人員選舉候選人登記名冊,https://web.cec.gov.tw/central/article/64709,2026-09-07
臺中市,縣市議員,臺中市第13選舉區,李天生,民主進步黨,2026-09-02,,中央選舉委員會：115年地方公職人員選舉候選人登記名冊,https://web.cec.gov.tw/central/article/64709,2026-09-07
臺中市,縣市議員,臺中市第13選舉區,鄭伯其,無,2026-09-02,,中央選舉委員會：115年地方公職人員選舉候選人登記名冊,https://web.cec.gov.tw/central/article/64709,2026-09-07
臺中市,縣市議員,臺中市第13選舉區,鄒明諺,時代力量,2026-09-02,,中央選舉委員會：115年地方公職人員選舉候選人登記名冊,https://web.cec.gov.tw/central/article/64709,2026-09-07
臺中市,縣市議員,臺中市第13選舉區,段中仁,無,2026-09-03,,中央選舉委員會：115年地方公職人員選舉候選人登記名冊,https://web.cec.gov.tw/central/article/64709,2026-09-07
臺中市,縣市議員,臺中市第14選舉區,吳振嘉,中國國民黨,2026-09-02,,中央選舉委員會：115年地方公職人員選舉候選人登記名冊,https://web.cec.gov.tw/central/article/64709,2026-09-07
臺中市,縣市議員,臺中市第14選舉區,詹智翔,民主進步黨,2026-09-02,,中央選舉委員會：115年地方公職人員選舉候選人登記名冊,https://web.cec.gov.tw/central/article/64709,2026-09-07
臺中市,縣市議員,臺中市第15選舉區,吳建德,中國國民黨,2026-08-31,,中央選舉委員會：115年地方公職人員選舉候選人登記名冊,https://web.cec.gov.tw/central/article/64709,2026-09-07
臺中市,縣市議員,臺中市第15選舉區,楊玉花,無,2026-09-03,,中央選舉委員會：115年地方公職人員選舉候選人登記名冊,https://web.cec.gov.tw/central/article/64709,2026-09-07
臺中市,縣市議員,臺中市第16選舉區,古秀英,中國國民黨,2026-09-02,,中央選舉委員會：115年地方公職人員選舉候選人登記名冊,https://web.cec.gov.tw/central/article/64709,2026-09-07
臺中市,縣市議員,臺中市第16選舉區,黃永光,無,2026-09-03,,中央選舉委員會：115年地方公職人員選舉候選人登記名冊,https://web.cec.gov.tw/central/article/64709,2026-09-07
臺中市,縣市議員,臺中市第17選舉區,呂秀惠,無,2026-08-31,,中央選舉委員會：115年地方公職人員選舉候選人登記名冊,https://web.cec.gov.tw/central/article/64709,2026-09-07
臺中市,縣市議員,臺中市第17選舉區,柯靜志,無,2026-09-01,,中央選舉委員會：115年地方公職人員選舉候選人登記名冊,https://web.cec.gov.tw/central/article/64709,2026-09-07
臺中市,縣市議員,臺中市第17選舉區,朱元宏,中國國民黨,2026-09-03,,中央選舉委員會：115年地方公職人員選舉候選人登記名冊,https://web.cec.gov.tw/central/article/64709,2026-09-07
臺中市,縣市議員,臺中市第17選舉區,瓦力司．比尤,無,2026-09-03,,中央選舉委員會：115年地方公職人員選舉候選人登記名冊,https://web.cec.gov.tw/central/article/64709,2026-09-07
臺南市,縣市議員,臺南市第1選舉區,李宗翰,民主進步黨,2026-08-31,,中央選舉委員會：115年地方公職人員選舉候選人登記名冊,https://web.cec.gov.tw/central/article/64709,2026-09-07
臺南市,縣市議員,臺南市第1選舉區,蔡育輝,中國國民黨,2026-08-31,,中央選舉委員會：115年地方公職人員選舉候選人登記名冊,https://web.cec.gov.tw/central/article/64709,2026-09-07
臺南市,縣市議員,臺南市第1選舉區,侯陸太,無,2026-09-01,,中央選舉委員會：115年地方公職人員選舉候選人登記名冊,https://web.cec.gov.tw/central/article/64709,2026-09-07
臺南市,縣市議員,臺南市第1選舉區,沈家鳳,民主進步黨,2026-09-02,,中央選舉委員會：115年地方公職人員選舉候選人登記名冊,https://web.cec.gov.tw/central/article/64709,2026-09-07
臺南市,縣市議員,臺南市第1選舉區,趙昆原,無,2026-09-02,,中央選舉委員會：115年地方公職人員選舉候選人登記名冊,https://web.cec.gov.tw/central/article/64709,2026-09-07
臺南市,縣市議員,臺南市第1選舉區,王宣貿,民主進步黨,2026-09-02,,中央選舉委員會：115年地方公職人員選舉候選人登記名冊,https://web.cec.gov.tw/central/article/64709,2026-09-07
臺南市,縣市議員,臺南市第1選舉區,張新斛,無,2026-09-03,,中央選舉委員會：115年地方公職人員選舉候選人登記名冊,https://web.cec.gov.tw/central/article/64709,2026-09-07
臺南市,縣市議員,臺南市第1選舉區,陳詩薇,台灣民眾黨,2026-09-03,,中央選舉委員會：115年地方公職人員選舉候選人登記名冊,https://web.cec.gov.tw/central/article/64709,2026-09-07
臺南市,縣市議員,臺南市第2選舉區,謝舒凡,民主進步黨,2026-08-31,,中央選舉委員會：115年地方公職人員選舉候選人登記名冊,https://web.cec.gov.tw/central/article/64709,2026-09-07
臺南市,縣市議員,臺南市第2選舉區,蔡蘇秋金,民主進步黨,2026-09-02,,中央選舉委員會：115年地方公職人員選舉候選人登記名冊,https://web.cec.gov.tw/central/article/64709,2026-09-07
臺南市,縣市議員,臺南市第2選舉區,蔡秋蘭,民主進步黨,2026-09-02,,中央選舉委員會：115年地方公職人員選舉候選人登記名冊,https://web.cec.gov.tw/central/article/64709,2026-09-07
臺南市,縣市議員,臺南市第2選舉區,王詩媛,無,2026-09-02,,中央選舉委員會：115年地方公職人員選舉候選人登記名冊,https://web.cec.gov.tw/central/article/64709,2026-09-07
臺南市,縣市議員,臺南市第2選舉區,方一峰,中國國民黨,2026-09-03,,中央選舉委員會：115年地方公職人員選舉候選人登記名冊,https://web.cec.gov.tw/central/article/64709,2026-09-07
臺南市,縣市議員,臺南市第2選舉區,陳昆和,無,2026-09-03,,中央選舉委員會：115年地方公職人員選舉候選人登記名冊,https://web.cec.gov.tw/central/article/64709,2026-09-07
臺南市,縣市議員,臺南市第3選舉區,吳通龍,民主進步黨,2026-08-31,,中央選舉委員會：115年地方公職人員選舉候選人登記名冊,https://web.cec.gov.tw/central/article/64709,2026-09-07
臺南市,縣市議員,臺南市第3選舉區,陳秋宏,民主進步黨,2026-09-02,,中央選舉委員會：115年地方公職人員選舉候選人登記名冊,https://web.cec.gov.tw/central/article/64709,2026-09-07
臺南市,縣市議員,臺南市第3選舉區,尤淨寬,中國國民黨,2026-09-02,,中央選舉委員會：115年地方公職人員選舉候選人登記名冊,https://web.cec.gov.tw/central/article/64709,2026-09-07
臺南市,縣市議員,臺南市第3選舉區,施朝清,無,2026-09-03,,中央選舉委員會：115年地方公職人員選舉候選人登記名冊,https://web.cec.gov.tw/central/article/64709,2026-09-07
臺南市,縣市議員,臺南市第4選舉區,賴懋慶,民主進步黨,2026-08-31,,中央選舉委員會：115年地方公職人員選舉候選人登記名冊,https://web.cec.gov.tw/central/article/64709,2026-09-07
臺南市,縣市議員,臺南市第4選舉區,周奕齊,無,2026-09-02,,中央選舉委員會：115年地方公職人員選舉候選人登記名冊,https://web.cec.gov.tw/central/article/64709,2026-09-07
臺南市,縣市議員,臺南市第5選舉區,陳碧玉,民主進步黨,2026-08-31,,中央選舉委員會：115年地方公職人員選舉候選人登記名冊,https://web.cec.gov.tw/central/article/64709,2026-09-07
臺南市,縣市議員,臺南市第5選舉區,余柷青,民主進步黨,2026-08-31,,中央選舉委員會：115年地方公職人員選舉候選人登記名冊,https://web.cec.gov.tw/central/article/64709,2026-09-07
臺南市,縣市議員,臺南市第5選舉區,李偉智,民主進步黨,2026-08-31,,中央選舉委員會：115年地方公職人員選舉候選人登記名冊,https://web.cec.gov.tw/central/article/64709,2026-09-07
臺南市,縣市議員,臺南市第5選舉區,林志展,民主進步黨,2026-09-01,,中央選舉委員會：115年地方公職人員選舉候選人登記名冊,https://web.cec.gov.tw/central/article/64709,2026-09-07
臺南市,縣市議員,臺南市第5選舉區,李佳蓉,中國國民黨,2026-09-02,,中央選舉委員會：115年地方公職人員選舉候選人登記名冊,https://web.cec.gov.tw/central/article/64709,2026-09-07
臺南市,縣市議員,臺南市第5選舉區,李文俊,無,2026-09-02,,中央選舉委員會：115年地方公職人員選舉候選人登記名冊,https://web.cec.gov.tw/central/article/64709,2026-09-07
臺南市,縣市議員,臺南市第5選舉區,廖俊道,中國國民黨,2026-09-02,,中央選舉委員會：115年地方公職人員選舉候選人登記名冊,https://web.cec.gov.tw/central/article/64709,2026-09-07
臺南市,縣市議員,臺南市第6選舉區,邱昭勝,無,2026-09-02,,中央選舉委員會：115年地方公職人員選舉候選人登記名冊,https://web.cec.gov.tw/central/article/64709,2026-09-07
臺南市,縣市議員,臺南市第6選舉區,郭信良,無,2026-09-02,,中央選舉委員會：115年地方公職人員選舉候選人登記名冊,https://web.cec.gov.tw/central/article/64709,2026-09-07
臺南市,縣市議員,臺南市第6選舉區,李中岑,中國國民黨,2026-09-02,,中央選舉委員會：115年地方公職人員選舉候選人登記名冊,https://web.cec.gov.tw/central/article/64709,2026-09-07
臺南市,縣市議員,臺南市第6選舉區,唐儀靜,民主進步黨,2026-09-02,,中央選舉委員會：115年地方公職人員選舉候選人登記名冊,https://web.cec.gov.tw/central/article/64709,2026-09-07
臺南市,縣市議員,臺南市第6選舉區,郭品辰,民主進步黨,2026-09-02,,中央選舉委員會：115年地方公職人員選舉候選人登記名冊,https://web.cec.gov.tw/central/article/64709,2026-09-07
臺南市,縣市議員,臺南市第6選舉區,姚正玉,中國國民黨,2026-09-02,,中央選舉委員會：115年地方公職人員選舉候選人登記名冊,https://web.cec.gov.tw/central/article/64709,2026-09-07
臺南市,縣市議員,臺南市第6選舉區,蔡麗青,民主進步黨,2026-09-02,,中央選舉委員會：115年地方公職人員選舉候選人登記名冊,https://web.cec.gov.tw/central/article/64709,2026-09-07
臺南市,縣市議員,臺南市第6選舉區,黃麗招,無,2026-09-03,,中央選舉委員會：115年地方公職人員選舉候選人登記名冊,https://web.cec.gov.tw/central/article/64709,2026-09-07
臺南市,縣市議員,臺南市第6選舉區,林緯,無,2026-09-03,,中央選舉委員會：115年地方公職人員選舉候選人登記名冊,https://web.cec.gov.tw/central/article/64709,2026-09-07
臺南市,縣市議員,臺南市第7選舉區,黄肇輝,民主進步黨,2026-08-31,,中央選舉委員會：115年地方公職人員選舉候選人登記名冊,https://web.cec.gov.tw/central/article/64709,2026-09-07
臺南市,縣市議員,臺南市第7選舉區,林乃立,台灣民眾黨,2026-08-31,,中央選舉委員會：115年地方公職人員選舉候選人登記名冊,https://web.cec.gov.tw/central/article/64709,2026-09-07
臺南市,縣市議員,臺南市第7選舉區,周宏昌,中國國民黨,2026-08-31,,中央選舉委員會：115年地方公職人員選舉候選人登記名冊,https://web.cec.gov.tw/central/article/64709,2026-09-07
臺南市,縣市議員,臺南市第7選舉區,曹暐國,無,2026-08-31,,中央選舉委員會：115年地方公職人員選舉候選人登記名冊,https://web.cec.gov.tw/central/article/64709,2026-09-07
臺南市,縣市議員,臺南市第7選舉區,楊中成,台聯黨,2026-09-02,,中央選舉委員會：115年地方公職人員選舉候選人登記名冊,https://web.cec.gov.tw/central/article/64709,2026-09-07
臺南市,縣市議員,臺南市第7選舉區,林燕祝,中國國民黨,2026-09-02,,中央選舉委員會：115年地方公職人員選舉候選人登記名冊,https://web.cec.gov.tw/central/article/64709,2026-09-07
臺南市,縣市議員,臺南市第7選舉區,陳秋萍,民主進步黨,2026-09-02,,中央選舉委員會：115年地方公職人員選舉候選人登記名冊,https://web.cec.gov.tw/central/article/64709,2026-09-07
臺南市,縣市議員,臺南市第7選舉區,朱正軒,民主進步黨,2026-09-02,,中央選舉委員會：115年地方公職人員選舉候選人登記名冊,https://web.cec.gov.tw/central/article/64709,2026-09-07
臺南市,縣市議員,臺南市第7選舉區,李秉倫,中國國民黨,2026-09-03,,中央選舉委員會：115年地方公職人員選舉候選人登記名冊,https://web.cec.gov.tw/central/article/64709,2026-09-07
臺南市,縣市議員,臺南市第7選舉區,卞宗康,中國國民黨,2026-09-03,,中央選舉委員會：115年地方公職人員選舉候選人登記名冊,https://web.cec.gov.tw/central/article/64709,2026-09-07
臺南市,縣市議員,臺南市第7選舉區,吳依潔,台灣基進,2026-09-03,,中央選舉委員會：115年地方公職人員選舉候選人登記名冊,https://web.cec.gov.tw/central/article/64709,2026-09-07
臺南市,縣市議員,臺南市第7選舉區,林冠維,無,2026-09-03,,中央選舉委員會：115年地方公職人員選舉候選人登記名冊,https://web.cec.gov.tw/central/article/64709,2026-09-07
臺南市,縣市議員,臺南市第8選舉區,沈震南,民主進步黨,2026-08-31,,中央選舉委員會：115年地方公職人員選舉候選人登記名冊,https://web.cec.gov.tw/central/article/64709,2026-09-07
臺南市,縣市議員,臺南市第8選舉區,江明宗,台灣民眾黨,2026-08-31,,中央選舉委員會：115年地方公職人員選舉候選人登記名冊,https://web.cec.gov.tw/central/article/64709,2026-09-07
臺南市,縣市議員,臺南市第8選舉區,林建南,民主進步黨,2026-09-01,,中央選舉委員會：115年地方公職人員選舉候選人登記名冊,https://web.cec.gov.tw/central/article/64709,2026-09-07
臺南市,縣市議員,臺南市第8選舉區,鄭方形,無,2026-09-01,,中央選舉委員會：115年地方公職人員選舉候選人登記名冊,https://web.cec.gov.tw/central/article/64709,2026-09-07
臺南市,縣市議員,臺南市第8選舉區,許至椿,中國國民黨,2026-09-02,,中央選舉委員會：115年地方公職人員選舉候選人登記名冊,https://web.cec.gov.tw/central/article/64709,2026-09-07
臺南市,縣市議員,臺南市第8選舉區,邱莉莉,民主進步黨,2026-09-02,,中央選舉委員會：115年地方公職人員選舉候選人登記名冊,https://web.cec.gov.tw/central/article/64709,2026-09-07
臺南市,縣市議員,臺南市第8選舉區,周嘉韋,民主進步黨,2026-09-02,,中央選舉委員會：115年地方公職人員選舉候選人登記名冊,https://web.cec.gov.tw/central/article/64709,2026-09-07
臺南市,縣市議員,臺南市第8選舉區,蔡宗豪,中國國民黨,2026-09-03,,中央選舉委員會：115年地方公職人員選舉候選人登記名冊,https://web.cec.gov.tw/central/article/64709,2026-09-07
臺南市,縣市議員,臺南市第8選舉區,陳昌輝,無,2026-09-03,,中央選舉委員會：115年地方公職人員選舉候選人登記名冊,https://web.cec.gov.tw/central/article/64709,2026-09-07
臺南市,縣市議員,臺南市第8選舉區,童小芸,中國國民黨,2026-09-03,,中央選舉委員會：115年地方公職人員選舉候選人登記名冊,https://web.cec.gov.tw/central/article/64709,2026-09-07
臺南市,縣市議員,臺南市第8選舉區,謝秉舟,無,2026-09-03,,中央選舉委員會：115年地方公職人員選舉候選人登記名冊,https://web.cec.gov.tw/central/article/64709,2026-09-07
臺南市,縣市議員,臺南市第9選舉區,陳冠諭,中國國民黨,2026-08-31,,中央選舉委員會：115年地方公職人員選舉候選人登記名冊,https://web.cec.gov.tw/central/article/64709,2026-09-07
臺南市,縣市議員,臺南市第9選舉區,林依婷,民主進步黨,2026-09-01,,中央選舉委員會：115年地方公職人員選舉候選人登記名冊,https://web.cec.gov.tw/central/article/64709,2026-09-07
臺南市,縣市議員,臺南市第9選舉區,盧崑福,中國國民黨,2026-09-02,,中央選舉委員會：115年地方公職人員選舉候選人登記名冊,https://web.cec.gov.tw/central/article/64709,2026-09-07
臺南市,縣市議員,臺南市第9選舉區,葉翰勲,中國國民黨,2026-09-02,,中央選舉委員會：115年地方公職人員選舉候選人登記名冊,https://web.cec.gov.tw/central/article/64709,2026-09-07
臺南市,縣市議員,臺南市第9選舉區,呂維胤,民主進步黨,2026-09-02,,中央選舉委員會：115年地方公職人員選舉候選人登記名冊,https://web.cec.gov.tw/central/article/64709,2026-09-07
臺南市,縣市議員,臺南市第9選舉區,周麗津,民主進步黨,2026-09-02,,中央選舉委員會：115年地方公職人員選舉候選人登記名冊,https://web.cec.gov.tw/central/article/64709,2026-09-07
臺南市,縣市議員,臺南市第9選舉區,李啓維,民主進步黨,2026-09-02,,中央選舉委員會：115年地方公職人員選舉候選人登記名冊,https://web.cec.gov.tw/central/article/64709,2026-09-07
臺南市,縣市議員,臺南市第9選舉區,蕭漍華,台灣民眾黨,2026-09-02,,中央選舉委員會：115年地方公職人員選舉候選人登記名冊,https://web.cec.gov.tw/central/article/64709,2026-09-07
臺南市,縣市議員,臺南市第9選舉區,李伯利,無,2026-09-03,,中央選舉委員會：115年地方公職人員選舉候選人登記名冊,https://web.cec.gov.tw/central/article/64709,2026-09-07
臺南市,縣市議員,臺南市第10選舉區,歐政豪,中國國民黨,2026-09-02,,中央選舉委員會：115年地方公職人員選舉候選人登記名冊,https://web.cec.gov.tw/central/article/64709,2026-09-07
臺南市,縣市議員,臺南市第10選舉區,蔡筱薇,民主進步黨,2026-09-02,,中央選舉委員會：115年地方公職人員選舉候選人登記名冊,https://web.cec.gov.tw/central/article/64709,2026-09-07
臺南市,縣市議員,臺南市第10選舉區,陳金鐘,民主進步黨,2026-09-02,,中央選舉委員會：115年地方公職人員選舉候選人登記名冊,https://web.cec.gov.tw/central/article/64709,2026-09-07
臺南市,縣市議員,臺南市第10選舉區,王家貞,中國國民黨,2026-09-02,,中央選舉委員會：115年地方公職人員選舉候選人登記名冊,https://web.cec.gov.tw/central/article/64709,2026-09-07
臺南市,縣市議員,臺南市第10選舉區,李宗霖,無,2026-09-03,,中央選舉委員會：115年地方公職人員選舉候選人登記名冊,https://web.cec.gov.tw/central/article/64709,2026-09-07
臺南市,縣市議員,臺南市第10選舉區,陳進男,無,2026-09-04,,中央選舉委員會：115年地方公職人員選舉候選人登記名冊,https://web.cec.gov.tw/central/article/64709,2026-09-07
臺南市,縣市議員,臺南市第10選舉區,曾之婕,無,2026-09-04,,中央選舉委員會：115年地方公職人員選舉候選人登記名冊,https://web.cec.gov.tw/central/article/64709,2026-09-07
臺南市,縣市議員,臺南市第11選舉區,翁語含,中國國民黨,2026-08-31,,中央選舉委員會：115年地方公職人員選舉候選人登記名冊,https://web.cec.gov.tw/central/article/64709,2026-09-07
臺南市,縣市議員,臺南市第11選舉區,吳禹寰,無,2026-08-31,,中央選舉委員會：115年地方公職人員選舉候選人登記名冊,https://web.cec.gov.tw/central/article/64709,2026-09-07
臺南市,縣市議員,臺南市第11選舉區,鄭佳欣,民主進步黨,2026-09-02,,中央選舉委員會：115年地方公職人員選舉候選人登記名冊,https://web.cec.gov.tw/central/article/64709,2026-09-07
臺南市,縣市議員,臺南市第11選舉區,許又仁,無,2026-09-02,,中央選舉委員會：115年地方公職人員選舉候選人登記名冊,https://web.cec.gov.tw/central/article/64709,2026-09-07
臺南市,縣市議員,臺南市第11選舉區,陳皇宇,民主進步黨,2026-09-02,,中央選舉委員會：115年地方公職人員選舉候選人登記名冊,https://web.cec.gov.tw/central/article/64709,2026-09-07
臺南市,縣市議員,臺南市第11選舉區,郭鴻儀,民主進步黨,2026-09-02,,中央選舉委員會：115年地方公職人員選舉候選人登記名冊,https://web.cec.gov.tw/central/article/64709,2026-09-07
臺南市,縣市議員,臺南市第11選舉區,郭如芳,無,2026-09-02,,中央選舉委員會：115年地方公職人員選舉候選人登記名冊,https://web.cec.gov.tw/central/article/64709,2026-09-07
臺南市,縣市議員,臺南市第11選舉區,杜素吟,無,2026-09-03,,中央選舉委員會：115年地方公職人員選舉候選人登記名冊,https://web.cec.gov.tw/central/article/64709,2026-09-07
臺南市,縣市議員,臺南市第11選舉區,劉正昌,台聯黨,2026-09-04,,中央選舉委員會：115年地方公職人員選舉候選人登記名冊,https://web.cec.gov.tw/central/article/64709,2026-09-07
臺南市,縣市議員,臺南市第12選舉區,李美素,無,2026-09-03,,中央選舉委員會：115年地方公職人員選舉候選人登記名冊,https://web.cec.gov.tw/central/article/64709,2026-09-07
臺南市,縣市議員,臺南市第12選舉區,吳東明,中國國民黨,2026-09-04,,中央選舉委員會：115年地方公職人員選舉候選人登記名冊,https://web.cec.gov.tw/central/article/64709,2026-09-07
臺南市,縣市議員,臺南市第13選舉區,施余興望TjakumayTagaw,無,2026-09-01,,中央選舉委員會：115年地方公職人員選舉候選人登記名冊,https://web.cec.gov.tw/central/article/64709,2026-09-07
臺南市,縣市議員,臺南市第13選舉區,辛晴晴LanguiTamapima,中國國民黨,2026-09-03,,中央選舉委員會：115年地方公職人員選舉候選人登記名冊,https://web.cec.gov.tw/central/article/64709,2026-09-07
高雄市,縣市議員,高雄市第1選舉區,林富寶,民主進步黨,2026-08-31,,中央選舉委員會：115年地方公職人員選舉候選人登記名冊,https://web.cec.gov.tw/central/article/64709,2026-09-07
高雄市,縣市議員,高雄市第1選舉區,林慧欣,民主進步黨,2026-09-02,,中央選舉委員會：115年地方公職人員選舉候選人登記名冊,https://web.cec.gov.tw/central/article/64709,2026-09-07
高雄市,縣市議員,高雄市第1選舉區,林義迪,中國國民黨,2026-09-02,,中央選舉委員會：115年地方公職人員選舉候選人登記名冊,https://web.cec.gov.tw/central/article/64709,2026-09-07
高雄市,縣市議員,高雄市第1選舉區,鍾炳光,無,2026-09-02,,中央選舉委員會：115年地方公職人員選舉候選人登記名冊,https://web.cec.gov.tw/central/article/64709,2026-09-07
高雄市,縣市議員,高雄市第1選舉區,李振豪,中國國民黨,2026-09-03,,中央選舉委員會：115年地方公職人員選舉候選人登記名冊,https://web.cec.gov.tw/central/article/64709,2026-09-07
高雄市,縣市議員,高雄市第2選舉區,李柏融,無,2026-08-31,,中央選舉委員會：115年地方公職人員選舉候選人登記名冊,https://web.cec.gov.tw/central/article/64709,2026-09-07
高雄市,縣市議員,高雄市第2選舉區,黃明太,民主進步黨,2026-09-01,,中央選舉委員會：115年地方公職人員選舉候選人登記名冊,https://web.cec.gov.tw/central/article/64709,2026-09-07
高雄市,縣市議員,高雄市第2選舉區,鄭東元,無,2026-09-02,,中央選舉委員會：115年地方公職人員選舉候選人登記名冊,https://web.cec.gov.tw/central/article/64709,2026-09-07
高雄市,縣市議員,高雄市第2選舉區,陳琳潔,民主進步黨,2026-09-02,,中央選舉委員會：115年地方公職人員選舉候選人登記名冊,https://web.cec.gov.tw/central/article/64709,2026-09-07
高雄市,縣市議員,高雄市第2選舉區,李亞築,中國國民黨,2026-09-03,,中央選舉委員會：115年地方公職人員選舉候選人登記名冊,https://web.cec.gov.tw/central/article/64709,2026-09-07
高雄市,縣市議員,高雄市第3選舉區,張騏晟,無,2026-08-31,,中央選舉委員會：115年地方公職人員選舉候選人登記名冊,https://web.cec.gov.tw/central/article/64709,2026-09-07
高雄市,縣市議員,高雄市第3選舉區,林志誠,民主進步黨,2026-09-02,,中央選舉委員會：115年地方公職人員選舉候選人登記名冊,https://web.cec.gov.tw/central/article/64709,2026-09-07
高雄市,縣市議員,高雄市第3選舉區,方信淵,中國國民黨,2026-09-02,,中央選舉委員會：115年地方公職人員選舉候選人登記名冊,https://web.cec.gov.tw/central/article/64709,2026-09-07
高雄市,縣市議員,高雄市第3選舉區,宋立彬,中國國民黨,2026-09-02,,中央選舉委員會：115年地方公職人員選舉候選人登記名冊,https://web.cec.gov.tw/central/article/64709,2026-09-07
高雄市,縣市議員,高雄市第3選舉區,蔡秉璁,民主進步黨,2026-09-02,,中央選舉委員會：115年地方公職人員選舉候選人登記名冊,https://web.cec.gov.tw/central/article/64709,2026-09-07
高雄市,縣市議員,高雄市第3選舉區,黃秋媖,民主進步黨,2026-09-02,,中央選舉委員會：115年地方公職人員選舉候選人登記名冊,https://web.cec.gov.tw/central/article/64709,2026-09-07
高雄市,縣市議員,高雄市第3選舉區,黃韻涵,中國國民黨,2026-09-04,,中央選舉委員會：115年地方公職人員選舉候選人登記名冊,https://web.cec.gov.tw/central/article/64709,2026-09-07
高雄市,縣市議員,高雄市第3選舉區,蔣黃女,無,2026-09-04,,中央選舉委員會：115年地方公職人員選舉候選人登記名冊,https://web.cec.gov.tw/central/article/64709,2026-09-07
高雄市,縣市議員,高雄市第4選舉區,陳冠宇,無,2026-09-01,,中央選舉委員會：115年地方公職人員選舉候選人登記名冊,https://web.cec.gov.tw/central/article/64709,2026-09-07
高雄市,縣市議員,高雄市第4選舉區,尹立,民主進步黨,2026-09-01,,中央選舉委員會：115年地方公職人員選舉候選人登記名冊,https://web.cec.gov.tw/central/article/64709,2026-09-07
高雄市,縣市議員,高雄市第4選舉區,陳麗珍,中國國民黨,2026-09-02,,中央選舉委員會：115年地方公職人員選舉候選人登記名冊,https://web.cec.gov.tw/central/article/64709,2026-09-07
高雄市,縣市議員,高雄市第4選舉區,李雅慧,民主進步黨,2026-09-02,,中央選舉委員會：115年地方公職人員選舉候選人登記名冊,https://web.cec.gov.tw/central/article/64709,2026-09-07
高雄市,縣市議員,高雄市第4選舉區,張以理,民主進步黨,2026-09-02,,中央選舉委員會：115年地方公職人員選舉候選人登記名冊,https://web.cec.gov.tw/central/article/64709,2026-09-07
高雄市,縣市議員,高雄市第4選舉區,黃文志,民主進步黨,2026-09-02,,中央選舉委員會：115年地方公職人員選舉候選人登記名冊,https://web.cec.gov.tw/central/article/64709,2026-09-07
高雄市,縣市議員,高雄市第4選舉區,李雅芬,中國國民黨,2026-09-02,,中央選舉委員會：115年地方公職人員選舉候選人登記名冊,https://web.cec.gov.tw/central/article/64709,2026-09-07
高雄市,縣市議員,高雄市第4選舉區,陳玫娟,中國國民黨,2026-09-02,,中央選舉委員會：115年地方公職人員選舉候選人登記名冊,https://web.cec.gov.tw/central/article/64709,2026-09-07
高雄市,縣市議員,高雄市第4選舉區,薛兆基,無,2026-09-03,,中央選舉委員會：115年地方公職人員選舉候選人登記名冊,https://web.cec.gov.tw/central/article/64709,2026-09-07
高雄市,縣市議員,高雄市第4選舉區,柳淑芳,無,2026-09-03,,中央選舉委員會：115年地方公職人員選舉候選人登記名冊,https://web.cec.gov.tw/central/article/64709,2026-09-07
高雄市,縣市議員,高雄市第4選舉區,李眉蓁,中國國民黨,2026-09-04,,中央選舉委員會：115年地方公職人員選舉候選人登記名冊,https://web.cec.gov.tw/central/article/64709,2026-09-07
高雄市,縣市議員,高雄市第4選舉區,白喬茵,中國國民黨,2026-09-04,,中央選舉委員會：115年地方公職人員選舉候選人登記名冊,https://web.cec.gov.tw/central/article/64709,2026-09-07
高雄市,縣市議員,高雄市第5選舉區,邱俊憲,民主進步黨,2026-08-31,,中央選舉委員會：115年地方公職人員選舉候選人登記名冊,https://web.cec.gov.tw/central/article/64709,2026-09-07
高雄市,縣市議員,高雄市第5選舉區,黃飛鳳,民主進步黨,2026-09-01,,中央選舉委員會：115年地方公職人員選舉候選人登記名冊,https://web.cec.gov.tw/central/article/64709,2026-09-07
高雄市,縣市議員,高雄市第5選舉區,張勝富,民主進步黨,2026-09-01,,中央選舉委員會：115年地方公職人員選舉候選人登記名冊,https://web.cec.gov.tw/central/article/64709,2026-09-07
高雄市,縣市議員,高雄市第5選舉區,江瑞鴻,民主進步黨,2026-09-01,,中央選舉委員會：115年地方公職人員選舉候選人登記名冊,https://web.cec.gov.tw/central/article/64709,2026-09-07
高雄市,縣市議員,高雄市第5選舉區,陳若翠,中國國民黨,2026-09-03,,中央選舉委員會：115年地方公職人員選舉候選人登記名冊,https://web.cec.gov.tw/central/article/64709,2026-09-07
高雄市,縣市議員,高雄市第5選舉區,吳利成,中國國民黨,2026-09-04,,中央選舉委員會：115年地方公職人員選舉候選人登記名冊,https://web.cec.gov.tw/central/article/64709,2026-09-07
高雄市,縣市議員,高雄市第5選舉區,陳惠君,無,2026-09-04,,中央選舉委員會：115年地方公職人員選舉候選人登記名冊,https://web.cec.gov.tw/central/article/64709,2026-09-07
高雄市,縣市議員,高雄市第6選舉區,簡煥宗,民主進步黨,2026-08-31,,中央選舉委員會：115年地方公職人員選舉候選人登記名冊,https://web.cec.gov.tw/central/article/64709,2026-09-07
高雄市,縣市議員,高雄市第6選舉區,陳美雅,中國國民黨,2026-08-31,,中央選舉委員會：115年地方公職人員選舉候選人登記名冊,https://web.cec.gov.tw/central/article/64709,2026-09-07
高雄市,縣市議員,高雄市第6選舉區,李喬如,民主進步黨,2026-09-02,,中央選舉委員會：115年地方公職人員選舉候選人登記名冊,https://web.cec.gov.tw/central/article/64709,2026-09-07
高雄市,縣市議員,高雄市第6選舉區,蔡金晏,中國國民黨,2026-09-03,,中央選舉委員會：115年地方公職人員選舉候選人登記名冊,https://web.cec.gov.tw/central/article/64709,2026-09-07
高雄市,縣市議員,高雄市第7選舉區,鄭孟洳,民主進步黨,2026-09-02,,中央選舉委員會：115年地方公職人員選舉候選人登記名冊,https://web.cec.gov.tw/central/article/64709,2026-09-07
高雄市,縣市議員,高雄市第7選舉區,黃柏霖,中國國民黨,2026-09-02,,中央選舉委員會：115年地方公職人員選舉候選人登記名冊,https://web.cec.gov.tw/central/article/64709,2026-09-07
高雄市,縣市議員,高雄市第7選舉區,黃淑美,無,2026-09-02,,中央選舉委員會：115年地方公職人員選舉候選人登記名冊,https://web.cec.gov.tw/central/article/64709,2026-09-07
高雄市,縣市議員,高雄市第7選舉區,曾俊傑,無,2026-09-02,,中央選舉委員會：115年地方公職人員選舉候選人登記名冊,https://web.cec.gov.tw/central/article/64709,2026-09-07
高雄市,縣市議員,高雄市第7選舉區,何權峰,民主進步黨,2026-09-02,,中央選舉委員會：115年地方公職人員選舉候選人登記名冊,https://web.cec.gov.tw/central/article/64709,2026-09-07
高雄市,縣市議員,高雄市第7選舉區,張博洋,無,2026-09-02,,中央選舉委員會：115年地方公職人員選舉候選人登記名冊,https://web.cec.gov.tw/central/article/64709,2026-09-07
高雄市,縣市議員,高雄市第7選舉區,康裕成,民主進步黨,2026-09-02,,中央選舉委員會：115年地方公職人員選舉候選人登記名冊,https://web.cec.gov.tw/central/article/64709,2026-09-07
高雄市,縣市議員,高雄市第7選舉區,余聖明,無,2026-09-02,,中央選舉委員會：115年地方公職人員選舉候選人登記名冊,https://web.cec.gov.tw/central/article/64709,2026-09-07
高雄市,縣市議員,高雄市第7選舉區,林彥,無,2026-09-02,,中央選舉委員會：115年地方公職人員選舉候選人登記名冊,https://web.cec.gov.tw/central/article/64709,2026-09-07
高雄市,縣市議員,高雄市第7選舉區,童燕珍,中國國民黨,2026-09-03,,中央選舉委員會：115年地方公職人員選舉候選人登記名冊,https://web.cec.gov.tw/central/article/64709,2026-09-07
高雄市,縣市議員,高雄市第7選舉區,黃香菽,中國國民黨,2026-09-03,,中央選舉委員會：115年地方公職人員選舉候選人登記名冊,https://web.cec.gov.tw/central/article/64709,2026-09-07
高雄市,縣市議員,高雄市第7選舉區,林于凱,台灣民眾黨,2026-09-04,,中央選舉委員會：115年地方公職人員選舉候選人登記名冊,https://web.cec.gov.tw/central/article/64709,2026-09-07
高雄市,縣市議員,高雄市第8選舉區,黃文益,民主進步黨,2026-09-01,,中央選舉委員會：115年地方公職人員選舉候選人登記名冊,https://web.cec.gov.tw/central/article/64709,2026-09-07
高雄市,縣市議員,高雄市第8選舉區,郭建盟,民主進步黨,2026-09-02,,中央選舉委員會：115年地方公職人員選舉候選人登記名冊,https://web.cec.gov.tw/central/article/64709,2026-09-07
高雄市,縣市議員,高雄市第8選舉區,湯詠瑜,民主進步黨,2026-09-02,,中央選舉委員會：115年地方公職人員選舉候選人登記名冊,https://web.cec.gov.tw/central/article/64709,2026-09-07
高雄市,縣市議員,高雄市第8選舉區,陳雅敏,無,2026-09-02,,中央選舉委員會：115年地方公職人員選舉候選人登記名冊,https://web.cec.gov.tw/central/article/64709,2026-09-07
高雄市,縣市議員,高雄市第8選舉區,黃舜杰,無,2026-09-02,,中央選舉委員會：115年地方公職人員選舉候選人登記名冊,https://web.cec.gov.tw/central/article/64709,2026-09-07
高雄市,縣市議員,高雄市第8選舉區,許采蓁,中國國民黨,2026-09-03,,中央選舉委員會：115年地方公職人員選舉候選人登記名冊,https://web.cec.gov.tw/central/article/64709,2026-09-07
高雄市,縣市議員,高雄市第8選舉區,鄒約翰,無,2026-09-04,,中央選舉委員會：115年地方公職人員選舉候選人登記名冊,https://web.cec.gov.tw/central/article/64709,2026-09-07
高雄市,縣市議員,高雄市第8選舉區,黃裕庭,中國國民黨,2026-09-04,,中央選舉委員會：115年地方公職人員選舉候選人登記名冊,https://web.cec.gov.tw/central/article/64709,2026-09-07
高雄市,縣市議員,高雄市第8選舉區,黃鈺婷,中國國民黨,2026-09-04,,中央選舉委員會：115年地方公職人員選舉候選人登記名冊,https://web.cec.gov.tw/central/article/64709,2026-09-07
高雄市,縣市議員,高雄市第9選舉區,林智鴻,民主進步黨,2026-08-31,,中央選舉委員會：115年地方公職人員選舉候選人登記名冊,https://web.cec.gov.tw/central/article/64709,2026-09-07
高雄市,縣市議員,高雄市第9選舉區,鄭安秝,中國國民黨,2026-08-31,,中央選舉委員會：115年地方公職人員選舉候選人登記名冊,https://web.cec.gov.tw/central/article/64709,2026-09-07
高雄市,縣市議員,高雄市第9選舉區,蘇致榮,民主進步黨,2026-09-01,,中央選舉委員會：115年地方公職人員選舉候選人登記名冊,https://web.cec.gov.tw/central/article/64709,2026-09-07
高雄市,縣市議員,高雄市第9選舉區,李雅靜,中國國民黨,2026-09-02,,中央選舉委員會：115年地方公職人員選舉候選人登記名冊,https://web.cec.gov.tw/central/article/64709,2026-09-07
高雄市,縣市議員,高雄市第9選舉區,劉德林,中國國民黨,2026-09-02,,中央選舉委員會：115年地方公職人員選舉候選人登記名冊,https://web.cec.gov.tw/central/article/64709,2026-09-07
高雄市,縣市議員,高雄市第9選舉區,陳慧文,民主進步黨,2026-09-02,,中央選舉委員會：115年地方公職人員選舉候選人登記名冊,https://web.cec.gov.tw/central/article/64709,2026-09-07
高雄市,縣市議員,高雄市第9選舉區,張漢忠,民主進步黨,2026-09-02,,中央選舉委員會：115年地方公職人員選舉候選人登記名冊,https://web.cec.gov.tw/central/article/64709,2026-09-07
高雄市,縣市議員,高雄市第9選舉區,鄧巧佩,民主進步黨,2026-09-02,,中央選舉委員會：115年地方公職人員選舉候選人登記名冊,https://web.cec.gov.tw/central/article/64709,2026-09-07
高雄市,縣市議員,高雄市第9選舉區,鍾易仲,中國國民黨,2026-09-02,,中央選舉委員會：115年地方公職人員選舉候選人登記名冊,https://web.cec.gov.tw/central/article/64709,2026-09-07
高雄市,縣市議員,高雄市第9選舉區,徐尚賢,無,2026-09-03,,中央選舉委員會：115年地方公職人員選舉候選人登記名冊,https://web.cec.gov.tw/central/article/64709,2026-09-07
高雄市,縣市議員,高雄市第10選舉區,鄭光峰,民主進步黨,2026-08-31,,中央選舉委員會：115年地方公職人員選舉候選人登記名冊,https://web.cec.gov.tw/central/article/64709,2026-09-07
高雄市,縣市議員,高雄市第10選舉區,李政憲,司法改革黨,2026-08-31,,中央選舉委員會：115年地方公職人員選舉候選人登記名冊,https://web.cec.gov.tw/central/article/64709,2026-09-07
高雄市,縣市議員,高雄市第10選舉區,劉仙娥,勞動黨,2026-09-01,,中央選舉委員會：115年地方公職人員選舉候選人登記名冊,https://web.cec.gov.tw/central/article/64709,2026-09-07
高雄市,縣市議員,高雄市第10選舉區,陳麗娜,中國國民黨,2026-09-02,,中央選舉委員會：115年地方公職人員選舉候選人登記名冊,https://web.cec.gov.tw/central/article/64709,2026-09-07
高雄市,縣市議員,高雄市第10選舉區,吳昱鋒,民主進步黨,2026-09-02,,中央選舉委員會：115年地方公職人員選舉候選人登記名冊,https://web.cec.gov.tw/central/article/64709,2026-09-07
高雄市,縣市議員,高雄市第10選舉區,吳銘賜,無,2026-09-02,,中央選舉委員會：115年地方公職人員選舉候選人登記名冊,https://web.cec.gov.tw/central/article/64709,2026-09-07
高雄市,縣市議員,高雄市第10選舉區,李順進,無,2026-09-02,,中央選舉委員會：115年地方公職人員選舉候選人登記名冊,https://web.cec.gov.tw/central/article/64709,2026-09-07
高雄市,縣市議員,高雄市第10選舉區,黃敬雅,民主進步黨,2026-09-02,,中央選舉委員會：115年地方公職人員選舉候選人登記名冊,https://web.cec.gov.tw/central/article/64709,2026-09-07
高雄市,縣市議員,高雄市第10選舉區,李紘毅,無,2026-09-02,,中央選舉委員會：115年地方公職人員選舉候選人登記名冊,https://web.cec.gov.tw/central/article/64709,2026-09-07
高雄市,縣市議員,高雄市第10選舉區,蔡武宏,中國國民黨,2026-09-03,,中央選舉委員會：115年地方公職人員選舉候選人登記名冊,https://web.cec.gov.tw/central/article/64709,2026-09-07
高雄市,縣市議員,高雄市第10選舉區,于仙玲,小民參政歐巴桑聯盟,2026-09-03,,中央選舉委員會：115年地方公職人員選舉候選人登記名冊,https://web.cec.gov.tw/central/article/64709,2026-09-07
高雄市,縣市議員,高雄市第10選舉區,湯茹婷,中國國民黨,2026-09-03,,中央選舉委員會：115年地方公職人員選舉候選人登記名冊,https://web.cec.gov.tw/central/article/64709,2026-09-07
高雄市,縣市議員,高雄市第10選舉區,張藝璉,無,2026-09-03,,中央選舉委員會：115年地方公職人員選舉候選人登記名冊,https://web.cec.gov.tw/central/article/64709,2026-09-07
高雄市,縣市議員,高雄市第11選舉區,張耀中,民主進步黨,2026-08-31,,中央選舉委員會：115年地方公職人員選舉候選人登記名冊,https://web.cec.gov.tw/central/article/64709,2026-09-07
高雄市,縣市議員,高雄市第11選舉區,李雨庭,民主進步黨,2026-09-02,,中央選舉委員會：115年地方公職人員選舉候選人登記名冊,https://web.cec.gov.tw/central/article/64709,2026-09-07
高雄市,縣市議員,高雄市第11選舉區,王耀裕,中國國民黨,2026-09-02,,中央選舉委員會：115年地方公職人員選舉候選人登記名冊,https://web.cec.gov.tw/central/article/64709,2026-09-07
高雄市,縣市議員,高雄市第11選舉區,黃天煌,中國國民黨,2026-09-02,,中央選舉委員會：115年地方公職人員選舉候選人登記名冊,https://web.cec.gov.tw/central/article/64709,2026-09-07
高雄市,縣市議員,高雄市第11選舉區,洪村銘,民主進步黨,2026-09-02,,中央選舉委員會：115年地方公職人員選舉候選人登記名冊,https://web.cec.gov.tw/central/article/64709,2026-09-07
高雄市,縣市議員,高雄市第11選舉區,邱于軒,中國國民黨,2026-09-02,,中央選舉委員會：115年地方公職人員選舉候選人登記名冊,https://web.cec.gov.tw/central/article/64709,2026-09-07
高雄市,縣市議員,高雄市第12選舉區,巫振興,民主進步黨,2026-08-31,,中央選舉委員會：115年地方公職人員選舉候選人登記名冊,https://web.cec.gov.tw/central/article/64709,2026-09-07
高雄市,縣市議員,高雄市第12選舉區,宋紹銘,中國國民黨,2026-08-31,,中央選舉委員會：115年地方公職人員選舉候選人登記名冊,https://web.cec.gov.tw/central/article/64709,2026-09-07
高雄市,縣市議員,高雄市第12選舉區,王義雄,中國國民黨,2026-09-02,,中央選舉委員會：115年地方公職人員選舉候選人登記名冊,https://web.cec.gov.tw/central/article/64709,2026-09-07
高雄市,縣市議員,高雄市第13選舉區,陳幸富,無,2026-09-02,,中央選舉委員會：115年地方公職人員選舉候選人登記名冊,https://web.cec.gov.tw/central/article/64709,2026-09-07
高雄市,縣市議員,高雄市第13選舉區,葛姵瑩,中國國民黨,2026-09-04,,中央選舉委員會：115年地方公職人員選舉候選人登記名冊,https://web.cec.gov.tw/central/article/64709,2026-09-07
高雄市,縣市議員,高雄市第14選舉區,林錫閔,無,2026-09-02,,中央選舉委員會：115年地方公職人員選舉候選人登記名冊,https://web.cec.gov.tw/central/article/64709,2026-09-07
高雄市,縣市議員,高雄市第14選舉區,洪英雄Salizan．binkinuan,中國國民黨,2026-09-02,,中央選舉委員會：115年地方公職人員選舉候選人登記名冊,https://web.cec.gov.tw/central/article/64709,2026-09-07
高雄市,縣市議員,高雄市第14選舉區,高忠德Takiludun．Anu,無,2026-09-02,,中央選舉委員會：115年地方公職人員選舉候選人登記名冊,https://web.cec.gov.tw/central/article/64709,2026-09-07
高雄市,縣市議員,高雄市第15選舉區,金禾雅,無,2026-09-01,,中央選舉委員會：115年地方公職人員選舉候選人登記名冊,https://web.cec.gov.tw/central/article/64709,2026-09-07
高雄市,縣市議員,高雄市第15選舉區,陳奕蓁,中國國民黨,2026-09-02,,中央選舉委員會：115年地方公職人員選舉候選人登記名冊,https://web.cec.gov.tw/central/article/64709,2026-09-07
新竹縣,縣市議員,新竹縣第1選舉區,陳凱榮,中國國民黨,2026-08-31,,中央選舉委員會：115年地方公職人員選舉候選人登記名冊,https://web.cec.gov.tw/central/article/64709,2026-09-07
新竹縣,縣市議員,新竹縣第1選舉區,王炳漢,中國國民黨,2026-09-02,,中央選舉委員會：115年地方公職人員選舉候選人登記名冊,https://web.cec.gov.tw/central/article/64709,2026-09-07
新竹縣,縣市議員,新竹縣第1選舉區,李雅芬,時代力量,2026-09-03,,中央選舉委員會：115年地方公職人員選舉候選人登記名冊,https://web.cec.gov.tw/central/article/64709,2026-09-07
新竹縣,縣市議員,新竹縣第1選舉區,張珈源,民主進步黨,2026-09-04,,中央選舉委員會：115年地方公職人員選舉候選人登記名冊,https://web.cec.gov.tw/central/article/64709,2026-09-07
新竹縣,縣市議員,新竹縣第1選舉區,陳秀玲,無,2026-09-04,,中央選舉委員會：115年地方公職人員選舉候選人登記名冊,https://web.cec.gov.tw/central/article/64709,2026-09-07
新竹縣,縣市議員,新竹縣第1選舉區,鄭美琴,無,2026-09-04,,中央選舉委員會：115年地方公職人員選舉候選人登記名冊,https://web.cec.gov.tw/central/article/64709,2026-09-07
新竹縣,縣市議員,新竹縣第2選舉區,游雅婷,台灣民眾黨,2026-08-31,,中央選舉委員會：115年地方公職人員選舉候選人登記名冊,https://web.cec.gov.tw/central/article/64709,2026-09-07
新竹縣,縣市議員,新竹縣第2選舉區,歐陽霆,民主進步黨,2026-09-01,,中央選舉委員會：115年地方公職人員選舉候選人登記名冊,https://web.cec.gov.tw/central/article/64709,2026-09-07
新竹縣,縣市議員,新竹縣第2選舉區,邵啟月,民主進步黨,2026-09-01,,中央選舉委員會：115年地方公職人員選舉候選人登記名冊,https://web.cec.gov.tw/central/article/64709,2026-09-07
新竹縣,縣市議員,新竹縣第2選舉區,戴佩如,中國國民黨,2026-09-02,,中央選舉委員會：115年地方公職人員選舉候選人登記名冊,https://web.cec.gov.tw/central/article/64709,2026-09-07
新竹縣,縣市議員,新竹縣第2選舉區,蔡蕥鍹,民主進步黨,2026-09-02,,中央選舉委員會：115年地方公職人員選舉候選人登記名冊,https://web.cec.gov.tw/central/article/64709,2026-09-07
新竹縣,縣市議員,新竹縣第2選舉區,范格菱,民主進步黨,2026-09-02,,中央選舉委員會：115年地方公職人員選舉候選人登記名冊,https://web.cec.gov.tw/central/article/64709,2026-09-07
新竹縣,縣市議員,新竹縣第2選舉區,蔡志環,中國國民黨,2026-09-02,,中央選舉委員會：115年地方公職人員選舉候選人登記名冊,https://web.cec.gov.tw/central/article/64709,2026-09-07
新竹縣,縣市議員,新竹縣第2選舉區,朱健銘,無,2026-09-02,,中央選舉委員會：115年地方公職人員選舉候選人登記名冊,https://web.cec.gov.tw/central/article/64709,2026-09-07
新竹縣,縣市議員,新竹縣第2選舉區,林禹佑,中國國民黨,2026-09-03,,中央選舉委員會：115年地方公職人員選舉候選人登記名冊,https://web.cec.gov.tw/central/article/64709,2026-09-07
新竹縣,縣市議員,新竹縣第2選舉區,張育慈,時代力量,2026-09-03,,中央選舉委員會：115年地方公職人員選舉候選人登記名冊,https://web.cec.gov.tw/central/article/64709,2026-09-07
新竹縣,縣市議員,新竹縣第2選舉區,林碩彥,台灣民眾黨,2026-09-03,,中央選舉委員會：115年地方公職人員選舉候選人登記名冊,https://web.cec.gov.tw/central/article/64709,2026-09-07
新竹縣,縣市議員,新竹縣第2選舉區,杜文中,中國國民黨,2026-09-03,,中央選舉委員會：115年地方公職人員選舉候選人登記名冊,https://web.cec.gov.tw/central/article/64709,2026-09-07
新竹縣,縣市議員,新竹縣第2選舉區,范揚琪,無,2026-09-03,,中央選舉委員會：115年地方公職人員選舉候選人登記名冊,https://web.cec.gov.tw/central/article/64709,2026-09-07
新竹縣,縣市議員,新竹縣第2選舉區,邱靖雅,中國國民黨,2026-09-04,,中央選舉委員會：115年地方公職人員選舉候選人登記名冊,https://web.cec.gov.tw/central/article/64709,2026-09-07
新竹縣,縣市議員,新竹縣第3選舉區,甄克堅,中國國民黨,2026-08-31,,中央選舉委員會：115年地方公職人員選舉候選人登記名冊,https://web.cec.gov.tw/central/article/64709,2026-09-07
新竹縣,縣市議員,新竹縣第3選舉區,余筱菁,民主進步黨,2026-09-01,,中央選舉委員會：115年地方公職人員選舉候選人登記名冊,https://web.cec.gov.tw/central/article/64709,2026-09-07
新竹縣,縣市議員,新竹縣第3選舉區,羅美文,勞動黨,2026-09-01,,中央選舉委員會：115年地方公職人員選舉候選人登記名冊,https://web.cec.gov.tw/central/article/64709,2026-09-07
新竹縣,縣市議員,新竹縣第3選舉區,吳菊花,中國國民黨,2026-09-02,,中央選舉委員會：115年地方公職人員選舉候選人登記名冊,https://web.cec.gov.tw/central/article/64709,2026-09-07
新竹縣,縣市議員,新竹縣第3選舉區,何建樺,民主進步黨,2026-09-02,,中央選舉委員會：115年地方公職人員選舉候選人登記名冊,https://web.cec.gov.tw/central/article/64709,2026-09-07
新竹縣,縣市議員,新竹縣第3選舉區,翁紹軒,無,2026-09-02,,中央選舉委員會：115年地方公職人員選舉候選人登記名冊,https://web.cec.gov.tw/central/article/64709,2026-09-07
新竹縣,縣市議員,新竹縣第3選舉區,賴寶鈺,中國國民黨,2026-09-02,,中央選舉委員會：115年地方公職人員選舉候選人登記名冊,https://web.cec.gov.tw/central/article/64709,2026-09-07
新竹縣,縣市議員,新竹縣第3選舉區,陳栢誠,中國國民黨,2026-09-02,,中央選舉委員會：115年地方公職人員選舉候選人登記名冊,https://web.cec.gov.tw/central/article/64709,2026-09-07
新竹縣,縣市議員,新竹縣第3選舉區,陳岫玫,台灣民眾黨,2026-09-03,,中央選舉委員會：115年地方公職人員選舉候選人登記名冊,https://web.cec.gov.tw/central/article/64709,2026-09-07
新竹縣,縣市議員,新竹縣第3選舉區,楊勝馭,無,2026-09-03,,中央選舉委員會：115年地方公職人員選舉候選人登記名冊,https://web.cec.gov.tw/central/article/64709,2026-09-07
新竹縣,縣市議員,新竹縣第3選舉區,戴翊如,中國國民黨,2026-09-03,,中央選舉委員會：115年地方公職人員選舉候選人登記名冊,https://web.cec.gov.tw/central/article/64709,2026-09-07
新竹縣,縣市議員,新竹縣第4選舉區,徐勝凌,台灣民眾黨,2026-08-31,,中央選舉委員會：115年地方公職人員選舉候選人登記名冊,https://web.cec.gov.tw/central/article/64709,2026-09-07
新竹縣,縣市議員,新竹縣第4選舉區,何昌臨,無,2026-09-02,,中央選舉委員會：115年地方公職人員選舉候選人登記名冊,https://web.cec.gov.tw/central/article/64709,2026-09-07
新竹縣,縣市議員,新竹縣第4選舉區,徐源發,中國國民黨,2026-09-02,,中央選舉委員會：115年地方公職人員選舉候選人登記名冊,https://web.cec.gov.tw/central/article/64709,2026-09-07
新竹縣,縣市議員,新竹縣第4選舉區,張以聖,中國國民黨,2026-09-03,,中央選舉委員會：115年地方公職人員選舉候選人登記名冊,https://web.cec.gov.tw/central/article/64709,2026-09-07
新竹縣,縣市議員,新竹縣第4選舉區,吳傳地,民主進步黨,2026-09-04,,中央選舉委員會：115年地方公職人員選舉候選人登記名冊,https://web.cec.gov.tw/central/article/64709,2026-09-07
新竹縣,縣市議員,新竹縣第4選舉區,林茂青,無,2026-09-04,,中央選舉委員會：115年地方公職人員選舉候選人登記名冊,https://web.cec.gov.tw/central/article/64709,2026-09-07
新竹縣,縣市議員,新竹縣第5選舉區,羅仕琦,中國國民黨,2026-09-02,,中央選舉委員會：115年地方公職人員選舉候選人登記名冊,https://web.cec.gov.tw/central/article/64709,2026-09-07
新竹縣,縣市議員,新竹縣第5選舉區,徐瑜新,中國國民黨,2026-09-02,,中央選舉委員會：115年地方公職人員選舉候選人登記名冊,https://web.cec.gov.tw/central/article/64709,2026-09-07
新竹縣,縣市議員,新竹縣第5選舉區,蔡澄均,無,2026-09-04,,中央選舉委員會：115年地方公職人員選舉候選人登記名冊,https://web.cec.gov.tw/central/article/64709,2026-09-07
新竹縣,縣市議員,新竹縣第6選舉區,黃路加,中國國民黨,2026-09-02,,中央選舉委員會：115年地方公職人員選舉候選人登記名冊,https://web.cec.gov.tw/central/article/64709,2026-09-07
新竹縣,縣市議員,新竹縣第6選舉區,呂宛庭,無,2026-09-02,,中央選舉委員會：115年地方公職人員選舉候選人登記名冊,https://web.cec.gov.tw/central/article/64709,2026-09-07
新竹縣,縣市議員,新竹縣第6選舉區,陳新源,勞動黨,2026-09-02,,中央選舉委員會：115年地方公職人員選舉候選人登記名冊,https://web.cec.gov.tw/central/article/64709,2026-09-07
新竹縣,縣市議員,新竹縣第7選舉區,張良印,中國國民黨,2026-09-02,,中央選舉委員會：115年地方公職人員選舉候選人登記名冊,https://web.cec.gov.tw/central/article/64709,2026-09-07
新竹縣,縣市議員,新竹縣第8選舉區,黃正彪,中國國民黨,2026-08-31,,中央選舉委員會：115年地方公職人員選舉候選人登記名冊,https://web.cec.gov.tw/central/article/64709,2026-09-07
新竹縣,縣市議員,新竹縣第9選舉區,羅俊傑,中國國民黨,2026-08-31,,中央選舉委員會：115年地方公職人員選舉候選人登記名冊,https://web.cec.gov.tw/central/article/64709,2026-09-07
新竹縣,縣市議員,新竹縣第9選舉區,黃豪杰,中國國民黨,2026-08-31,,中央選舉委員會：115年地方公職人員選舉候選人登記名冊,https://web.cec.gov.tw/central/article/64709,2026-09-07
新竹縣,縣市議員,新竹縣第9選舉區,上官秋燕,中國國民黨,2026-09-02,,中央選舉委員會：115年地方公職人員選舉候選人登記名冊,https://web.cec.gov.tw/central/article/64709,2026-09-07
新竹縣,縣市議員,新竹縣第9選舉區,林昭錡,無,2026-09-02,,中央選舉委員會：115年地方公職人員選舉候選人登記名冊,https://web.cec.gov.tw/central/article/64709,2026-09-07
新竹縣,縣市議員,新竹縣第9選舉區,鄭朝鐘,無,2026-09-02,,中央選舉委員會：115年地方公職人員選舉候選人登記名冊,https://web.cec.gov.tw/central/article/64709,2026-09-07
新竹縣,縣市議員,新竹縣第9選舉區,彭余美玲,中國國民黨,2026-09-03,,中央選舉委員會：115年地方公職人員選舉候選人登記名冊,https://web.cec.gov.tw/central/article/64709,2026-09-07
新竹縣,縣市議員,新竹縣第9選舉區,林裙靜,無,2026-09-03,,中央選舉委員會：115年地方公職人員選舉候選人登記名冊,https://web.cec.gov.tw/central/article/64709,2026-09-07
新竹縣,縣市議員,新竹縣第9選舉區,鍾心渝,台灣民眾黨,2026-09-03,,中央選舉委員會：115年地方公職人員選舉候選人登記名冊,https://web.cec.gov.tw/central/article/64709,2026-09-07
新竹縣,縣市議員,新竹縣第9選舉區,楊昌德,民主進步黨,2026-09-03,,中央選舉委員會：115年地方公職人員選舉候選人登記名冊,https://web.cec.gov.tw/central/article/64709,2026-09-07
新竹縣,縣市議員,新竹縣第10選舉區,邱坤桶,中國國民黨,2026-09-02,,中央選舉委員會：115年地方公職人員選舉候選人登記名冊,https://web.cec.gov.tw/central/article/64709,2026-09-07
新竹縣,縣市議員,新竹縣第10選舉區,何時名,無,2026-09-03,,中央選舉委員會：115年地方公職人員選舉候選人登記名冊,https://web.cec.gov.tw/central/article/64709,2026-09-07
新竹縣,縣市議員,新竹縣第11選舉區,王辰翔,中國國民黨,2026-09-04,,中央選舉委員會：115年地方公職人員選舉候選人登記名冊,https://web.cec.gov.tw/central/article/64709,2026-09-07
新竹縣,縣市議員,新竹縣第11選舉區,范文鴻,民主進步黨,2026-09-04,,中央選舉委員會：115年地方公職人員選舉候選人登記名冊,https://web.cec.gov.tw/central/article/64709,2026-09-07
新竹縣,縣市議員,新竹縣第12選舉區,法隆伊佑,無,2026-09-03,,中央選舉委員會：115年地方公職人員選舉候選人登記名冊,https://web.cec.gov.tw/central/article/64709,2026-09-07
新竹縣,縣市議員,新竹縣第12選舉區,林秉君kaying．kuying．kalang,無,2026-09-03,,中央選舉委員會：115年地方公職人員選舉候選人登記名冊,https://web.cec.gov.tw/central/article/64709,2026-09-07
新竹縣,縣市議員,新竹縣第13選舉區,曾國大Masaw．Moto,中國國民黨,2026-09-01,,中央選舉委員會：115年地方公職人員選舉候選人登記名冊,https://web.cec.gov.tw/central/article/64709,2026-09-07
新竹縣,縣市議員,新竹縣第13選舉區,羅恩加,無,2026-09-02,,中央選舉委員會：115年地方公職人員選舉候選人登記名冊,https://web.cec.gov.tw/central/article/64709,2026-09-07
新竹縣,縣市議員,新竹縣第13選舉區,林世偉,無,2026-09-04,,中央選舉委員會：115年地方公職人員選舉候選人登記名冊,https://web.cec.gov.tw/central/article/64709,2026-09-07
新竹縣,縣市議員,新竹縣第13選舉區,范經生,無,2026-09-04,,中央選舉委員會：115年地方公職人員選舉候選人登記名冊,https://web.cec.gov.tw/central/article/64709,2026-09-07
新竹縣,縣市議員,新竹縣第13選舉區,高忠正,無,2026-09-04,,中央選舉委員會：115年地方公職人員選舉候選人登記名冊,https://web.cec.gov.tw/central/article/64709,2026-09-07
新竹縣,縣市議員,新竹縣第14選舉區,張雁萍,無,2026-09-02,,中央選舉委員會：115年地方公職人員選舉候選人登記名冊,https://web.cec.gov.tw/central/article/64709,2026-09-07
新竹縣,縣市議員,新竹縣第14選舉區,LalingYumin,民主進步黨,2026-09-02,,中央選舉委員會：115年地方公職人員選舉候選人登記名冊,https://web.cec.gov.tw/central/article/64709,2026-09-07
新竹縣,縣市議員,新竹縣第14選舉區,張益生,無,2026-09-03,,中央選舉委員會：115年地方公職人員選舉候選人登記名冊,https://web.cec.gov.tw/central/article/64709,2026-09-07
苗栗縣,縣市議員,苗栗縣第1選舉區,魏漢相,無,2026-08-31,,中央選舉委員會：115年地方公職人員選舉候選人登記名冊,https://web.cec.gov.tw/central/article/64709,2026-09-07
苗栗縣,縣市議員,苗栗縣第1選舉區,林志豪,無,2026-08-31,,中央選舉委員會：115年地方公職人員選舉候選人登記名冊,https://web.cec.gov.tw/central/article/64709,2026-09-07
苗栗縣,縣市議員,苗栗縣第1選舉區,彭賢淳,無,2026-09-02,,中央選舉委員會：115年地方公職人員選舉候選人登記名冊,https://web.cec.gov.tw/central/article/64709,2026-09-07
苗栗縣,縣市議員,苗栗縣第1選舉區,湯維岳,無,2026-09-02,,中央選舉委員會：115年地方公職人員選舉候選人登記名冊,https://web.cec.gov.tw/central/article/64709,2026-09-07
苗栗縣,縣市議員,苗栗縣第1選舉區,楊明燁,中國國民黨,2026-09-02,,中央選舉委員會：115年地方公職人員選舉候選人登記名冊,https://web.cec.gov.tw/central/article/64709,2026-09-07
苗栗縣,縣市議員,苗栗縣第1選舉區,曾美露,中國國民黨,2026-09-02,,中央選舉委員會：115年地方公職人員選舉候選人登記名冊,https://web.cec.gov.tw/central/article/64709,2026-09-07
苗栗縣,縣市議員,苗栗縣第1選舉區,徐筱菁,民主進步黨,2026-09-02,,中央選舉委員會：115年地方公職人員選舉候選人登記名冊,https://web.cec.gov.tw/central/article/64709,2026-09-07
苗栗縣,縣市議員,苗栗縣第1選舉區,黃萬盛,中國國民黨,2026-09-02,,中央選舉委員會：115年地方公職人員選舉候選人登記名冊,https://web.cec.gov.tw/central/article/64709,2026-09-07
苗栗縣,縣市議員,苗栗縣第1選舉區,孫素娥,中國國民黨,2026-09-02,,中央選舉委員會：115年地方公職人員選舉候選人登記名冊,https://web.cec.gov.tw/central/article/64709,2026-09-07
苗栗縣,縣市議員,苗栗縣第1選舉區,彭晧宇,無,2026-09-02,,中央選舉委員會：115年地方公職人員選舉候選人登記名冊,https://web.cec.gov.tw/central/article/64709,2026-09-07
苗栗縣,縣市議員,苗栗縣第1選舉區,呂晟,無,2026-09-03,,中央選舉委員會：115年地方公職人員選舉候選人登記名冊,https://web.cec.gov.tw/central/article/64709,2026-09-07
苗栗縣,縣市議員,苗栗縣第1選舉區,巫召清,無,2026-09-03,,中央選舉委員會：115年地方公職人員選舉候選人登記名冊,https://web.cec.gov.tw/central/article/64709,2026-09-07
苗栗縣,縣市議員,苗栗縣第1選舉區,許櫻萍,民主進步黨,2026-09-03,,中央選舉委員會：115年地方公職人員選舉候選人登記名冊,https://web.cec.gov.tw/central/article/64709,2026-09-07
苗栗縣,縣市議員,苗栗縣第1選舉區,鄭碧玉,中國國民黨,2026-09-04,,中央選舉委員會：115年地方公職人員選舉候選人登記名冊,https://web.cec.gov.tw/central/article/64709,2026-09-07
苗栗縣,縣市議員,苗栗縣第1選舉區,張志宇,中國國民黨,2026-09-04,,中央選舉委員會：115年地方公職人員選舉候選人登記名冊,https://web.cec.gov.tw/central/article/64709,2026-09-07
苗栗縣,縣市議員,苗栗縣第2選舉區,謝昌年,無,2026-09-02,,中央選舉委員會：115年地方公職人員選舉候選人登記名冊,https://web.cec.gov.tw/central/article/64709,2026-09-07
苗栗縣,縣市議員,苗栗縣第2選舉區,黎尚安,中國國民黨,2026-09-03,,中央選舉委員會：115年地方公職人員選舉候選人登記名冊,https://web.cec.gov.tw/central/article/64709,2026-09-07
苗栗縣,縣市議員,苗栗縣第2選舉區,羅貴星,民主進步黨,2026-09-04,,中央選舉委員會：115年地方公職人員選舉候選人登記名冊,https://web.cec.gov.tw/central/article/64709,2026-09-07
苗栗縣,縣市議員,苗栗縣第3選舉區,翁杰,民主進步黨,2026-08-31,,中央選舉委員會：115年地方公職人員選舉候選人登記名冊,https://web.cec.gov.tw/central/article/64709,2026-09-07
苗栗縣,縣市議員,苗栗縣第3選舉區,陳薈茗,無,2026-09-02,,中央選舉委員會：115年地方公職人員選舉候選人登記名冊,https://web.cec.gov.tw/central/article/64709,2026-09-07
苗栗縣,縣市議員,苗栗縣第3選舉區,郭汶沂,無,2026-09-02,,中央選舉委員會：115年地方公職人員選舉候選人登記名冊,https://web.cec.gov.tw/central/article/64709,2026-09-07
苗栗縣,縣市議員,苗栗縣第3選舉區,王建鑫,無,2026-09-03,,中央選舉委員會：115年地方公職人員選舉候選人登記名冊,https://web.cec.gov.tw/central/article/64709,2026-09-07
苗栗縣,縣市議員,苗栗縣第3選舉區,杜文卿,民主進步黨,2026-09-03,,中央選舉委員會：115年地方公職人員選舉候選人登記名冊,https://web.cec.gov.tw/central/article/64709,2026-09-07
苗栗縣,縣市議員,苗栗縣第3選舉區,周玉滿,無,2026-09-03,,中央選舉委員會：115年地方公職人員選舉候選人登記名冊,https://web.cec.gov.tw/central/article/64709,2026-09-07
苗栗縣,縣市議員,苗栗縣第3選舉區,徐瑞轅,無,2026-09-04,,中央選舉委員會：115年地方公職人員選舉候選人登記名冊,https://web.cec.gov.tw/central/article/64709,2026-09-07
苗栗縣,縣市議員,苗栗縣第4選舉區,李文斌,中國國民黨,2026-08-31,,中央選舉委員會：115年地方公職人員選舉候選人登記名冊,https://web.cec.gov.tw/central/article/64709,2026-09-07
苗栗縣,縣市議員,苗栗縣第4選舉區,林寶珠,中國國民黨,2026-08-31,,中央選舉委員會：115年地方公職人員選舉候選人登記名冊,https://web.cec.gov.tw/central/article/64709,2026-09-07
苗栗縣,縣市議員,苗栗縣第4選舉區,鄭秋風,無,2026-08-31,,中央選舉委員會：115年地方公職人員選舉候選人登記名冊,https://web.cec.gov.tw/central/article/64709,2026-09-07
苗栗縣,縣市議員,苗栗縣第4選舉區,陳碧華,無,2026-09-01,,中央選舉委員會：115年地方公職人員選舉候選人登記名冊,https://web.cec.gov.tw/central/article/64709,2026-09-07
苗栗縣,縣市議員,苗栗縣第4選舉區,吳翌立,時代力量,2026-09-02,,中央選舉委員會：115年地方公職人員選舉候選人登記名冊,https://web.cec.gov.tw/central/article/64709,2026-09-07
苗栗縣,縣市議員,苗栗縣第4選舉區,邱毓興,民主進步黨,2026-09-02,,中央選舉委員會：115年地方公職人員選舉候選人登記名冊,https://web.cec.gov.tw/central/article/64709,2026-09-07
苗栗縣,縣市議員,苗栗縣第4選舉區,蔡君婷,台灣民眾黨,2026-09-02,,中央選舉委員會：115年地方公職人員選舉候選人登記名冊,https://web.cec.gov.tw/central/article/64709,2026-09-07
苗栗縣,縣市議員,苗栗縣第4選舉區,廖秀紅,中國國民黨,2026-09-02,,中央選舉委員會：115年地方公職人員選舉候選人登記名冊,https://web.cec.gov.tw/central/article/64709,2026-09-07
苗栗縣,縣市議員,苗栗縣第4選舉區,吳亭亭,民主進步黨,2026-09-02,,中央選舉委員會：115年地方公職人員選舉候選人登記名冊,https://web.cec.gov.tw/central/article/64709,2026-09-07
苗栗縣,縣市議員,苗栗縣第4選舉區,謝美香,無,2026-09-02,,中央選舉委員會：115年地方公職人員選舉候選人登記名冊,https://web.cec.gov.tw/central/article/64709,2026-09-07
苗栗縣,縣市議員,苗栗縣第4選舉區,張佳玲,無,2026-09-03,,中央選舉委員會：115年地方公職人員選舉候選人登記名冊,https://web.cec.gov.tw/central/article/64709,2026-09-07
苗栗縣,縣市議員,苗栗縣第4選舉區,廖英利,中國國民黨,2026-09-04,,中央選舉委員會：115年地方公職人員選舉候選人登記名冊,https://web.cec.gov.tw/central/article/64709,2026-09-07
苗栗縣,縣市議員,苗栗縣第5選舉區,古益弦,無,2026-08-31,,中央選舉委員會：115年地方公職人員選舉候選人登記名冊,https://web.cec.gov.tw/central/article/64709,2026-09-07
苗栗縣,縣市議員,苗栗縣第5選舉區,彭茜柔,無,2026-09-02,,中央選舉委員會：115年地方公職人員選舉候選人登記名冊,https://web.cec.gov.tw/central/article/64709,2026-09-07
苗栗縣,縣市議員,苗栗縣第5選舉區,陳詩弦,民主進步黨,2026-09-02,,中央選舉委員會：115年地方公職人員選舉候選人登記名冊,https://web.cec.gov.tw/central/article/64709,2026-09-07
苗栗縣,縣市議員,苗栗縣第5選舉區,陳光軒,民主進步黨,2026-09-02,,中央選舉委員會：115年地方公職人員選舉候選人登記名冊,https://web.cec.gov.tw/central/article/64709,2026-09-07
苗栗縣,縣市議員,苗栗縣第5選舉區,黎煥強,無,2026-09-02,,中央選舉委員會：115年地方公職人員選舉候選人登記名冊,https://web.cec.gov.tw/central/article/64709,2026-09-07
苗栗縣,縣市議員,苗栗縣第5選舉區,鍾孟儒,無,2026-09-02,,中央選舉委員會：115年地方公職人員選舉候選人登記名冊,https://web.cec.gov.tw/central/article/64709,2026-09-07
苗栗縣,縣市議員,苗栗縣第5選舉區,蕭詠萱,無,2026-09-03,,中央選舉委員會：115年地方公職人員選舉候選人登記名冊,https://web.cec.gov.tw/central/article/64709,2026-09-07
苗栗縣,縣市議員,苗栗縣第5選舉區,張淑芬,中國國民黨,2026-09-03,,中央選舉委員會：115年地方公職人員選舉候選人登記名冊,https://web.cec.gov.tw/central/article/64709,2026-09-07
苗栗縣,縣市議員,苗栗縣第5選舉區,鄭聚然,中國國民黨,2026-09-03,,中央選舉委員會：115年地方公職人員選舉候選人登記名冊,https://web.cec.gov.tw/central/article/64709,2026-09-07
苗栗縣,縣市議員,苗栗縣第5選舉區,陳永賢,無,2026-09-04,,中央選舉委員會：115年地方公職人員選舉候選人登記名冊,https://web.cec.gov.tw/central/article/64709,2026-09-07
苗栗縣,縣市議員,苗栗縣第5選舉區,温俊勇,無,2026-09-04,,中央選舉委員會：115年地方公職人員選舉候選人登記名冊,https://web.cec.gov.tw/central/article/64709,2026-09-07
苗栗縣,縣市議員,苗栗縣第5選舉區,林志學,台灣民眾黨,2026-09-04,,中央選舉委員會：115年地方公職人員選舉候選人登記名冊,https://web.cec.gov.tw/central/article/64709,2026-09-07
苗栗縣,縣市議員,苗栗縣第6選舉區,楊恭林,無,2026-09-02,,中央選舉委員會：115年地方公職人員選舉候選人登記名冊,https://web.cec.gov.tw/central/article/64709,2026-09-07
苗栗縣,縣市議員,苗栗縣第6選舉區,詹錦章,無,2026-09-02,,中央選舉委員會：115年地方公職人員選舉候選人登記名冊,https://web.cec.gov.tw/central/article/64709,2026-09-07
苗栗縣,縣市議員,苗栗縣第6選舉區,盛瑛,無,2026-09-02,,中央選舉委員會：115年地方公職人員選舉候選人登記名冊,https://web.cec.gov.tw/central/article/64709,2026-09-07
苗栗縣,縣市議員,苗栗縣第7選舉區,風志雄,無,2026-09-02,,中央選舉委員會：115年地方公職人員選舉候選人登記名冊,https://web.cec.gov.tw/central/article/64709,2026-09-07
苗栗縣,縣市議員,苗栗縣第7選舉區,朱仲一Kalih．Tahes．Didiyun,無,2026-09-03,,中央選舉委員會：115年地方公職人員選舉候選人登記名冊,https://web.cec.gov.tw/central/article/64709,2026-09-07
苗栗縣,縣市議員,苗栗縣第8選舉區,黃茹君HakingYumaʼ,無,2026-09-03,,中央選舉委員會：115年地方公職人員選舉候選人登記名冊,https://web.cec.gov.tw/central/article/64709,2026-09-07
苗栗縣,縣市議員,苗栗縣第8選舉區,劉美蘭Iwan．Sigiy,中國國民黨,2026-09-03,,中央選舉委員會：115年地方公職人員選舉候選人登記名冊,https://web.cec.gov.tw/central/article/64709,2026-09-07
彰化縣,縣市議員,彰化縣第1選舉區,莊陞漢,民主進步黨,2026-08-31,,中央選舉委員會：115年地方公職人員選舉候選人登記名冊,https://web.cec.gov.tw/central/article/64709,2026-09-07
彰化縣,縣市議員,彰化縣第1選舉區,許原龍,中國國民黨,2026-09-01,,中央選舉委員會：115年地方公職人員選舉候選人登記名冊,https://web.cec.gov.tw/central/article/64709,2026-09-07
彰化縣,縣市議員,彰化縣第1選舉區,謝宗樺,無,2026-09-02,,中央選舉委員會：115年地方公職人員選舉候選人登記名冊,https://web.cec.gov.tw/central/article/64709,2026-09-07
彰化縣,縣市議員,彰化縣第1選舉區,顧勝敏,中國國民黨,2026-09-02,,中央選舉委員會：115年地方公職人員選舉候選人登記名冊,https://web.cec.gov.tw/central/article/64709,2026-09-07
彰化縣,縣市議員,彰化縣第1選舉區,黃千宴,中國國民黨,2026-09-02,,中央選舉委員會：115年地方公職人員選舉候選人登記名冊,https://web.cec.gov.tw/central/article/64709,2026-09-07
彰化縣,縣市議員,彰化縣第1選舉區,許雅琳,民主進步黨,2026-09-02,,中央選舉委員會：115年地方公職人員選舉候選人登記名冊,https://web.cec.gov.tw/central/article/64709,2026-09-07
彰化縣,縣市議員,彰化縣第1選舉區,林世明,民主進步黨,2026-09-02,,中央選舉委員會：115年地方公職人員選舉候選人登記名冊,https://web.cec.gov.tw/central/article/64709,2026-09-07
彰化縣,縣市議員,彰化縣第1選舉區,白玉如,中國國民黨,2026-09-02,,中央選舉委員會：115年地方公職人員選舉候選人登記名冊,https://web.cec.gov.tw/central/article/64709,2026-09-07
彰化縣,縣市議員,彰化縣第1選舉區,林世賢,民主進步黨,2026-09-02,,中央選舉委員會：115年地方公職人員選舉候選人登記名冊,https://web.cec.gov.tw/central/article/64709,2026-09-07
彰化縣,縣市議員,彰化縣第1選舉區,楊子賢,民主進步黨,2026-09-02,,中央選舉委員會：115年地方公職人員選舉候選人登記名冊,https://web.cec.gov.tw/central/article/64709,2026-09-07
彰化縣,縣市議員,彰化縣第1選舉區,温芝樺,中國國民黨,2026-09-02,,中央選舉委員會：115年地方公職人員選舉候選人登記名冊,https://web.cec.gov.tw/central/article/64709,2026-09-07
彰化縣,縣市議員,彰化縣第1選舉區,黃玉如,無,2026-09-03,,中央選舉委員會：115年地方公職人員選舉候選人登記名冊,https://web.cec.gov.tw/central/article/64709,2026-09-07
彰化縣,縣市議員,彰化縣第1選舉區,吳韋達,台灣民眾黨,2026-09-04,,中央選舉委員會：115年地方公職人員選舉候選人登記名冊,https://web.cec.gov.tw/central/article/64709,2026-09-07
彰化縣,縣市議員,彰化縣第1選舉區,陳銌銌,無,2026-09-04,,中央選舉委員會：115年地方公職人員選舉候選人登記名冊,https://web.cec.gov.tw/central/article/64709,2026-09-07
彰化縣,縣市議員,彰化縣第1選舉區,李成濟,民主進步黨,2026-09-04,,中央選舉委員會：115年地方公職人員選舉候選人登記名冊,https://web.cec.gov.tw/central/article/64709,2026-09-07
彰化縣,縣市議員,彰化縣第2選舉區,林英嘉,無,2026-08-31,,中央選舉委員會：115年地方公職人員選舉候選人登記名冊,https://web.cec.gov.tw/central/article/64709,2026-09-07
彰化縣,縣市議員,彰化縣第2選舉區,蔡匡威,民主進步黨,2026-09-02,,中央選舉委員會：115年地方公職人員選舉候選人登記名冊,https://web.cec.gov.tw/central/article/64709,2026-09-07
彰化縣,縣市議員,彰化縣第2選舉區,許志宏,中國國民黨,2026-09-02,,中央選舉委員會：115年地方公職人員選舉候選人登記名冊,https://web.cec.gov.tw/central/article/64709,2026-09-07
彰化縣,縣市議員,彰化縣第2選舉區,蔣煙燈,民主進步黨,2026-09-02,,中央選舉委員會：115年地方公職人員選舉候選人登記名冊,https://web.cec.gov.tw/central/article/64709,2026-09-07
彰化縣,縣市議員,彰化縣第2選舉區,凃淑媚,中國國民黨,2026-09-02,,中央選舉委員會：115年地方公職人員選舉候選人登記名冊,https://web.cec.gov.tw/central/article/64709,2026-09-07
彰化縣,縣市議員,彰化縣第2選舉區,楊竣程,中國國民黨,2026-09-02,,中央選舉委員會：115年地方公職人員選舉候選人登記名冊,https://web.cec.gov.tw/central/article/64709,2026-09-07
彰化縣,縣市議員,彰化縣第2選舉區,藍駿宇,民主進步黨,2026-09-02,,中央選舉委員會：115年地方公職人員選舉候選人登記名冊,https://web.cec.gov.tw/central/article/64709,2026-09-07
彰化縣,縣市議員,彰化縣第2選舉區,王信筌,中國國民黨,2026-09-03,,中央選舉委員會：115年地方公職人員選舉候選人登記名冊,https://web.cec.gov.tw/central/article/64709,2026-09-07
彰化縣,縣市議員,彰化縣第2選舉區,郭燕陵,無,2026-09-03,,中央選舉委員會：115年地方公職人員選舉候選人登記名冊,https://web.cec.gov.tw/central/article/64709,2026-09-07
彰化縣,縣市議員,彰化縣第3選舉區,蕭文雄,民主進步黨,2026-09-02,,中央選舉委員會：115年地方公職人員選舉候選人登記名冊,https://web.cec.gov.tw/central/article/64709,2026-09-07
彰化縣,縣市議員,彰化縣第3選舉區,王國忠,無,2026-09-03,,中央選舉委員會：115年地方公職人員選舉候選人登記名冊,https://web.cec.gov.tw/central/article/64709,2026-09-07
彰化縣,縣市議員,彰化縣第3選舉區,林宗翰,無,2026-09-03,,中央選舉委員會：115年地方公職人員選舉候選人登記名冊,https://web.cec.gov.tw/central/article/64709,2026-09-07
彰化縣,縣市議員,彰化縣第3選舉區,曾煥燁,民主進步黨,2026-09-03,,中央選舉委員會：115年地方公職人員選舉候選人登記名冊,https://web.cec.gov.tw/central/article/64709,2026-09-07
彰化縣,縣市議員,彰化縣第3選舉區,林小琪,中國國民黨,2026-09-03,,中央選舉委員會：115年地方公職人員選舉候選人登記名冊,https://web.cec.gov.tw/central/article/64709,2026-09-07
彰化縣,縣市議員,彰化縣第3選舉區,周君綾,民主進步黨,2026-09-03,,中央選舉委員會：115年地方公職人員選舉候選人登記名冊,https://web.cec.gov.tw/central/article/64709,2026-09-07
彰化縣,縣市議員,彰化縣第3選舉區,鍾雅茹,中國國民黨,2026-09-03,,中央選舉委員會：115年地方公職人員選舉候選人登記名冊,https://web.cec.gov.tw/central/article/64709,2026-09-07
彰化縣,縣市議員,彰化縣第3選舉區,林明鴻,無,2026-09-04,,中央選舉委員會：115年地方公職人員選舉候選人登記名冊,https://web.cec.gov.tw/central/article/64709,2026-09-07
彰化縣,縣市議員,彰化縣第3選舉區,蘇智弦,台灣民眾黨,2026-09-04,,中央選舉委員會：115年地方公職人員選舉候選人登記名冊,https://web.cec.gov.tw/central/article/64709,2026-09-07
彰化縣,縣市議員,彰化縣第3選舉區,柯振杯,中國國民黨,2026-09-04,,中央選舉委員會：115年地方公職人員選舉候選人登記名冊,https://web.cec.gov.tw/central/article/64709,2026-09-07
彰化縣,縣市議員,彰化縣第4選舉區,賴澤民,民主進步黨,2026-09-01,,中央選舉委員會：115年地方公職人員選舉候選人登記名冊,https://web.cec.gov.tw/central/article/64709,2026-09-07
彰化縣,縣市議員,彰化縣第4選舉區,張欣倩,民主進步黨,2026-09-02,,中央選舉委員會：115年地方公職人員選舉候選人登記名冊,https://web.cec.gov.tw/central/article/64709,2026-09-07
彰化縣,縣市議員,彰化縣第4選舉區,詹雅婷,無,2026-09-02,,中央選舉委員會：115年地方公職人員選舉候選人登記名冊,https://web.cec.gov.tw/central/article/64709,2026-09-07
彰化縣,縣市議員,彰化縣第4選舉區,張愉婕,中國國民黨,2026-09-02,,中央選舉委員會：115年地方公職人員選舉候選人登記名冊,https://web.cec.gov.tw/central/article/64709,2026-09-07
彰化縣,縣市議員,彰化縣第4選舉區,張詠勝,中國國民黨,2026-09-02,,中央選舉委員會：115年地方公職人員選舉候選人登記名冊,https://web.cec.gov.tw/central/article/64709,2026-09-07
彰化縣,縣市議員,彰化縣第4選舉區,黃正盛,中國國民黨,2026-09-02,,中央選舉委員會：115年地方公職人員選舉候選人登記名冊,https://web.cec.gov.tw/central/article/64709,2026-09-07
彰化縣,縣市議員,彰化縣第4選舉區,陳秋蓉,民主進步黨,2026-09-02,,中央選舉委員會：115年地方公職人員選舉候選人登記名冊,https://web.cec.gov.tw/central/article/64709,2026-09-07
彰化縣,縣市議員,彰化縣第4選舉區,張雪如,台灣民眾黨,2026-09-02,,中央選舉委員會：115年地方公職人員選舉候選人登記名冊,https://web.cec.gov.tw/central/article/64709,2026-09-07
彰化縣,縣市議員,彰化縣第4選舉區,游筑凱,中國國民黨,2026-09-02,,中央選舉委員會：115年地方公職人員選舉候選人登記名冊,https://web.cec.gov.tw/central/article/64709,2026-09-07
彰化縣,縣市議員,彰化縣第4選舉區,張詩怡,無,2026-09-02,,中央選舉委員會：115年地方公職人員選舉候選人登記名冊,https://web.cec.gov.tw/central/article/64709,2026-09-07
彰化縣,縣市議員,彰化縣第4選舉區,劉惠娟,無,2026-09-03,,中央選舉委員會：115年地方公職人員選舉候選人登記名冊,https://web.cec.gov.tw/central/article/64709,2026-09-07
彰化縣,縣市議員,彰化縣第4選舉區,林俊毅,無,2026-09-03,,中央選舉委員會：115年地方公職人員選舉候選人登記名冊,https://web.cec.gov.tw/central/article/64709,2026-09-07
彰化縣,縣市議員,彰化縣第4選舉區,曹嘉豪,中國國民黨,2026-09-04,,中央選舉委員會：115年地方公職人員選舉候選人登記名冊,https://web.cec.gov.tw/central/article/64709,2026-09-07
彰化縣,縣市議員,彰化縣第5選舉區,楊仁彬,中國國民黨,2026-09-01,,中央選舉委員會：115年地方公職人員選舉候選人登記名冊,https://web.cec.gov.tw/central/article/64709,2026-09-07
彰化縣,縣市議員,彰化縣第5選舉區,陳玉姫,中國國民黨,2026-09-02,,中央選舉委員會：115年地方公職人員選舉候選人登記名冊,https://web.cec.gov.tw/central/article/64709,2026-09-07
彰化縣,縣市議員,彰化縣第5選舉區,張春洋,無,2026-09-02,,中央選舉委員會：115年地方公職人員選舉候選人登記名冊,https://web.cec.gov.tw/central/article/64709,2026-09-07
彰化縣,縣市議員,彰化縣第5選舉區,劉珊伶,民主進步黨,2026-09-02,,中央選舉委員會：115年地方公職人員選舉候選人登記名冊,https://web.cec.gov.tw/central/article/64709,2026-09-07
彰化縣,縣市議員,彰化縣第5選舉區,黃佳惠,中國國民黨,2026-09-02,,中央選舉委員會：115年地方公職人員選舉候選人登記名冊,https://web.cec.gov.tw/central/article/64709,2026-09-07
彰化縣,縣市議員,彰化縣第5選舉區,許文萍,無,2026-09-03,,中央選舉委員會：115年地方公職人員選舉候選人登記名冊,https://web.cec.gov.tw/central/article/64709,2026-09-07
彰化縣,縣市議員,彰化縣第6選舉區,許書維,民主進步黨,2026-08-31,,中央選舉委員會：115年地方公職人員選舉候選人登記名冊,https://web.cec.gov.tw/central/article/64709,2026-09-07
彰化縣,縣市議員,彰化縣第6選舉區,蕭妤亘,中國國民黨,2026-09-02,,中央選舉委員會：115年地方公職人員選舉候選人登記名冊,https://web.cec.gov.tw/central/article/64709,2026-09-07
彰化縣,縣市議員,彰化縣第6選舉區,彭世和,中國國民黨,2026-09-02,,中央選舉委員會：115年地方公職人員選舉候選人登記名冊,https://web.cec.gov.tw/central/article/64709,2026-09-07
彰化縣,縣市議員,彰化縣第6選舉區,蕭岳倫,中國國民黨,2026-09-02,,中央選舉委員會：115年地方公職人員選舉候選人登記名冊,https://web.cec.gov.tw/central/article/64709,2026-09-07
彰化縣,縣市議員,彰化縣第6選舉區,詹琬惠,民主進步黨,2026-09-02,,中央選舉委員會：115年地方公職人員選舉候選人登記名冊,https://web.cec.gov.tw/central/article/64709,2026-09-07
彰化縣,縣市議員,彰化縣第6選舉區,鄭俊雄,中國國民黨,2026-09-03,,中央選舉委員會：115年地方公職人員選舉候選人登記名冊,https://web.cec.gov.tw/central/article/64709,2026-09-07
彰化縣,縣市議員,彰化縣第7選舉區,陳世凱,無,2026-08-31,,中央選舉委員會：115年地方公職人員選舉候選人登記名冊,https://web.cec.gov.tw/central/article/64709,2026-09-07
彰化縣,縣市議員,彰化縣第7選舉區,江熊一楓,無,2026-08-31,,中央選舉委員會：115年地方公職人員選舉候選人登記名冊,https://web.cec.gov.tw/central/article/64709,2026-09-07
彰化縣,縣市議員,彰化縣第7選舉區,鄭朝元,無,2026-09-02,,中央選舉委員會：115年地方公職人員選舉候選人登記名冊,https://web.cec.gov.tw/central/article/64709,2026-09-07
彰化縣,縣市議員,彰化縣第7選舉區,杜懿彩,無,2026-09-02,,中央選舉委員會：115年地方公職人員選舉候選人登記名冊,https://web.cec.gov.tw/central/article/64709,2026-09-07
彰化縣,縣市議員,彰化縣第7選舉區,劉淑芳,中國國民黨,2026-09-02,,中央選舉委員會：115年地方公職人員選舉候選人登記名冊,https://web.cec.gov.tw/central/article/64709,2026-09-07
彰化縣,縣市議員,彰化縣第7選舉區,李俊諭,民主進步黨,2026-09-02,,中央選舉委員會：115年地方公職人員選舉候選人登記名冊,https://web.cec.gov.tw/central/article/64709,2026-09-07
彰化縣,縣市議員,彰化縣第7選舉區,李浩誠,中國國民黨,2026-09-02,,中央選舉委員會：115年地方公職人員選舉候選人登記名冊,https://web.cec.gov.tw/central/article/64709,2026-09-07
彰化縣,縣市議員,彰化縣第7選舉區,謝典霖,中國國民黨,2026-09-03,,中央選舉委員會：115年地方公職人員選舉候選人登記名冊,https://web.cec.gov.tw/central/article/64709,2026-09-07
彰化縣,縣市議員,彰化縣第8選舉區,謝淑如,無,2026-08-31,,中央選舉委員會：115年地方公職人員選舉候選人登記名冊,https://web.cec.gov.tw/central/article/64709,2026-09-07
彰化縣,縣市議員,彰化縣第8選舉區,吳淑娟,無,2026-09-01,,中央選舉委員會：115年地方公職人員選舉候選人登記名冊,https://web.cec.gov.tw/central/article/64709,2026-09-07
彰化縣,縣市議員,彰化縣第8選舉區,洪子超,民主進步黨,2026-09-01,,中央選舉委員會：115年地方公職人員選舉候選人登記名冊,https://web.cec.gov.tw/central/article/64709,2026-09-07
彰化縣,縣市議員,彰化縣第8選舉區,洪雅婷,台灣民眾黨,2026-09-01,,中央選舉委員會：115年地方公職人員選舉候選人登記名冊,https://web.cec.gov.tw/central/article/64709,2026-09-07
彰化縣,縣市議員,彰化縣第8選舉區,張國棟,中國國民黨,2026-09-02,,中央選舉委員會：115年地方公職人員選舉候選人登記名冊,https://web.cec.gov.tw/central/article/64709,2026-09-07
彰化縣,縣市議員,彰化縣第8選舉區,曾温泉,中國國民黨,2026-09-02,,中央選舉委員會：115年地方公職人員選舉候選人登記名冊,https://web.cec.gov.tw/central/article/64709,2026-09-07
彰化縣,縣市議員,彰化縣第8選舉區,洪騰明,民主進步黨,2026-09-02,,中央選舉委員會：115年地方公職人員選舉候選人登記名冊,https://web.cec.gov.tw/central/article/64709,2026-09-07
彰化縣,縣市議員,彰化縣第8選舉區,洪健興,無,2026-09-02,,中央選舉委員會：115年地方公職人員選舉候選人登記名冊,https://web.cec.gov.tw/central/article/64709,2026-09-07
彰化縣,縣市議員,彰化縣第8選舉區,黄淑儀,無,2026-09-03,,中央選舉委員會：115年地方公職人員選舉候選人登記名冊,https://web.cec.gov.tw/central/article/64709,2026-09-07
彰化縣,縣市議員,彰化縣第9選舉區,陳榮妹,中國國民黨,2026-09-02,,中央選舉委員會：115年地方公職人員選舉候選人登記名冊,https://web.cec.gov.tw/central/article/64709,2026-09-07
彰化縣,縣市議員,彰化縣第9選舉區,陳明義,無,2026-09-03,,中央選舉委員會：115年地方公職人員選舉候選人登記名冊,https://web.cec.gov.tw/central/article/64709,2026-09-07
彰化縣,縣市議員,彰化縣第10選舉區,金凱傑Ilia．Nangavulan,中國國民黨,2026-09-01,,中央選舉委員會：115年地方公職人員選舉候選人登記名冊,https://web.cec.gov.tw/central/article/64709,2026-09-07
彰化縣,縣市議員,彰化縣第10選舉區,高世鴻,無,2026-09-01,,中央選舉委員會：115年地方公職人員選舉候選人登記名冊,https://web.cec.gov.tw/central/article/64709,2026-09-07
彰化縣,縣市議員,彰化縣第10選舉區,吳秋祿,中國國民黨,2026-09-02,,中央選舉委員會：115年地方公職人員選舉候選人登記名冊,https://web.cec.gov.tw/central/article/64709,2026-09-07
彰化縣,縣市議員,彰化縣第10選舉區,王昌智 MacLunai,無,2026-09-03,,中央選舉委員會：115年地方公職人員選舉候選人登記名冊,https://web.cec.gov.tw/central/article/64709,2026-09-07
彰化縣,縣市議員,彰化縣第10選舉區,張瑋婷,中國國民黨,2026-09-03,,中央選舉委員會：115年地方公職人員選舉候選人登記名冊,https://web.cec.gov.tw/central/article/64709,2026-09-07
彰化縣,縣市議員,彰化縣第10選舉區,謝秀美,無,2026-09-03,,中央選舉委員會：115年地方公職人員選舉候選人登記名冊,https://web.cec.gov.tw/central/article/64709,2026-09-07
彰化縣,縣市議員,彰化縣第10選舉區,肯當．迪洛安,無,2026-09-03,,中央選舉委員會：115年地方公職人員選舉候選人登記名冊,https://web.cec.gov.tw/central/article/64709,2026-09-07
彰化縣,縣市議員,彰化縣第10選舉區,高采翎,台灣民眾黨,2026-09-04,,中央選舉委員會：115年地方公職人員選舉候選人登記名冊,https://web.cec.gov.tw/central/article/64709,2026-09-07
南投縣,縣市議員,南投縣第1選舉區,陳聰鑑,無,2026-08-31,,中央選舉委員會：115年地方公職人員選舉候選人登記名冊,https://web.cec.gov.tw/central/article/64709,2026-09-07
南投縣,縣市議員,南投縣第1選舉區,林儒暘,中國國民黨,2026-08-31,,中央選舉委員會：115年地方公職人員選舉候選人登記名冊,https://web.cec.gov.tw/central/article/64709,2026-09-07
南投縣,縣市議員,南投縣第1選舉區,許纘融,無,2026-08-31,,中央選舉委員會：115年地方公職人員選舉候選人登記名冊,https://web.cec.gov.tw/central/article/64709,2026-09-07
南投縣,縣市議員,南投縣第1選舉區,洪志杰,無,2026-08-31,,中央選舉委員會：115年地方公職人員選舉候選人登記名冊,https://web.cec.gov.tw/central/article/64709,2026-09-07
南投縣,縣市議員,南投縣第1選舉區,林憶如,中國國民黨,2026-09-02,,中央選舉委員會：115年地方公職人員選舉候選人登記名冊,https://web.cec.gov.tw/central/article/64709,2026-09-07
南投縣,縣市議員,南投縣第1選舉區,張錫淵,無,2026-09-02,,中央選舉委員會：115年地方公職人員選舉候選人登記名冊,https://web.cec.gov.tw/central/article/64709,2026-09-07
南投縣,縣市議員,南投縣第1選舉區,張婉慈,無,2026-09-02,,中央選舉委員會：115年地方公職人員選舉候選人登記名冊,https://web.cec.gov.tw/central/article/64709,2026-09-07
南投縣,縣市議員,南投縣第1選舉區,賴燕雪,民主進步黨,2026-09-02,,中央選舉委員會：115年地方公職人員選舉候選人登記名冊,https://web.cec.gov.tw/central/article/64709,2026-09-07
南投縣,縣市議員,南投縣第1選舉區,洪明科,無,2026-09-02,,中央選舉委員會：115年地方公職人員選舉候選人登記名冊,https://web.cec.gov.tw/central/article/64709,2026-09-07
南投縣,縣市議員,南投縣第1選舉區,張秀枝,無,2026-09-02,,中央選舉委員會：115年地方公職人員選舉候選人登記名冊,https://web.cec.gov.tw/central/article/64709,2026-09-07
南投縣,縣市議員,南投縣第1選舉區,陳志斌,無,2026-09-02,,中央選舉委員會：115年地方公職人員選舉候選人登記名冊,https://web.cec.gov.tw/central/article/64709,2026-09-07
南投縣,縣市議員,南投縣第1選舉區,宋懷琳,中國國民黨,2026-09-02,,中央選舉委員會：115年地方公職人員選舉候選人登記名冊,https://web.cec.gov.tw/central/article/64709,2026-09-07
南投縣,縣市議員,南投縣第1選舉區,廖詒綉,無,2026-09-02,,中央選舉委員會：115年地方公職人員選舉候選人登記名冊,https://web.cec.gov.tw/central/article/64709,2026-09-07
南投縣,縣市議員,南投縣第1選舉區,簡千翔,無,2026-09-03,,中央選舉委員會：115年地方公職人員選舉候選人登記名冊,https://web.cec.gov.tw/central/article/64709,2026-09-07
南投縣,縣市議員,南投縣第1選舉區,吳棋楠,民主進步黨,2026-09-03,,中央選舉委員會：115年地方公職人員選舉候選人登記名冊,https://web.cec.gov.tw/central/article/64709,2026-09-07
南投縣,縣市議員,南投縣第1選舉區,史雪燕,無,2026-09-04,,中央選舉委員會：115年地方公職人員選舉候選人登記名冊,https://web.cec.gov.tw/central/article/64709,2026-09-07
南投縣,縣市議員,南投縣第1選舉區,吳淳祐,台灣民眾黨,2026-09-04,,中央選舉委員會：115年地方公職人員選舉候選人登記名冊,https://web.cec.gov.tw/central/article/64709,2026-09-07
南投縣,縣市議員,南投縣第2選舉區,張至順,無,2026-09-02,,中央選舉委員會：115年地方公職人員選舉候選人登記名冊,https://web.cec.gov.tw/central/article/64709,2026-09-07
南投縣,縣市議員,南投縣第2選舉區,廖梓佑,無,2026-09-02,,中央選舉委員會：115年地方公職人員選舉候選人登記名冊,https://web.cec.gov.tw/central/article/64709,2026-09-07
南投縣,縣市議員,南投縣第2選舉區,洪巧娟,民主進步黨,2026-09-02,,中央選舉委員會：115年地方公職人員選舉候選人登記名冊,https://web.cec.gov.tw/central/article/64709,2026-09-07
南投縣,縣市議員,南投縣第2選舉區,蔡銘軒,民主進步黨,2026-09-02,,中央選舉委員會：115年地方公職人員選舉候選人登記名冊,https://web.cec.gov.tw/central/article/64709,2026-09-07
南投縣,縣市議員,南投縣第2選舉區,簡百聰,無,2026-09-02,,中央選舉委員會：115年地方公職人員選舉候選人登記名冊,https://web.cec.gov.tw/central/article/64709,2026-09-07
南投縣,縣市議員,南投縣第2選舉區,洪宗呈,無,2026-09-02,,中央選舉委員會：115年地方公職人員選舉候選人登記名冊,https://web.cec.gov.tw/central/article/64709,2026-09-07
南投縣,縣市議員,南投縣第2選舉區,簡峻庭,無,2026-09-03,,中央選舉委員會：115年地方公職人員選舉候選人登記名冊,https://web.cec.gov.tw/central/article/64709,2026-09-07
南投縣,縣市議員,南投縣第2選舉區,林昆熠,中國國民黨,2026-09-03,,中央選舉委員會：115年地方公職人員選舉候選人登記名冊,https://web.cec.gov.tw/central/article/64709,2026-09-07
南投縣,縣市議員,南投縣第2選舉區,李洲忠,中國國民黨,2026-09-03,,中央選舉委員會：115年地方公職人員選舉候選人登記名冊,https://web.cec.gov.tw/central/article/64709,2026-09-07
南投縣,縣市議員,南投縣第2選舉區,莊士傑,無,2026-09-03,,中央選舉委員會：115年地方公職人員選舉候選人登記名冊,https://web.cec.gov.tw/central/article/64709,2026-09-07
南投縣,縣市議員,南投縣第2選舉區,林佳穎,無,2026-09-03,,中央選舉委員會：115年地方公職人員選舉候選人登記名冊,https://web.cec.gov.tw/central/article/64709,2026-09-07
南投縣,縣市議員,南投縣第2選舉區,李帛璋,民主進步黨,2026-09-03,,中央選舉委員會：115年地方公職人員選舉候選人登記名冊,https://web.cec.gov.tw/central/article/64709,2026-09-07
南投縣,縣市議員,南投縣第2選舉區,林友友,無,2026-09-04,,中央選舉委員會：115年地方公職人員選舉候選人登記名冊,https://web.cec.gov.tw/central/article/64709,2026-09-07
南投縣,縣市議員,南投縣第3選舉區,王秋淑,民主進步黨,2026-09-02,,中央選舉委員會：115年地方公職人員選舉候選人登記名冊,https://web.cec.gov.tw/central/article/64709,2026-09-07
南投縣,縣市議員,南投縣第3選舉區,謝明謀,中國國民黨,2026-09-02,,中央選舉委員會：115年地方公職人員選舉候選人登記名冊,https://web.cec.gov.tw/central/article/64709,2026-09-07
南投縣,縣市議員,南投縣第3選舉區,蕭志全,無,2026-09-02,,中央選舉委員會：115年地方公職人員選舉候選人登記名冊,https://web.cec.gov.tw/central/article/64709,2026-09-07
南投縣,縣市議員,南投縣第3選舉區,陳淑惠,中國國民黨,2026-09-03,,中央選舉委員會：115年地方公職人員選舉候選人登記名冊,https://web.cec.gov.tw/central/article/64709,2026-09-07
南投縣,縣市議員,南投縣第3選舉區,黃馨瑩,無,2026-09-03,,中央選舉委員會：115年地方公職人員選舉候選人登記名冊,https://web.cec.gov.tw/central/article/64709,2026-09-07
南投縣,縣市議員,南投縣第3選舉區,黃春麟,中國國民黨,2026-09-03,,中央選舉委員會：115年地方公職人員選舉候選人登記名冊,https://web.cec.gov.tw/central/article/64709,2026-09-07
南投縣,縣市議員,南投縣第4選舉區,何勝豐,無,2026-08-31,,中央選舉委員會：115年地方公職人員選舉候選人登記名冊,https://web.cec.gov.tw/central/article/64709,2026-09-07
南投縣,縣市議員,南投縣第4選舉區,李廣演,勞動黨,2026-08-31,,中央選舉委員會：115年地方公職人員選舉候選人登記名冊,https://web.cec.gov.tw/central/article/64709,2026-09-07
南投縣,縣市議員,南投縣第4選舉區,林哲生,無,2026-09-01,,中央選舉委員會：115年地方公職人員選舉候選人登記名冊,https://web.cec.gov.tw/central/article/64709,2026-09-07
南投縣,縣市議員,南投縣第4選舉區,黃丹怡,無,2026-09-02,,中央選舉委員會：115年地方公職人員選舉候選人登記名冊,https://web.cec.gov.tw/central/article/64709,2026-09-07
南投縣,縣市議員,南投縣第4選舉區,許耿禎,無,2026-09-02,,中央選舉委員會：115年地方公職人員選舉候選人登記名冊,https://web.cec.gov.tw/central/article/64709,2026-09-07
南投縣,縣市議員,南投縣第4選舉區,蔡易呈,中國國民黨,2026-09-02,,中央選舉委員會：115年地方公職人員選舉候選人登記名冊,https://web.cec.gov.tw/central/article/64709,2026-09-07
南投縣,縣市議員,南投縣第4選舉區,邱如平,無,2026-09-02,,中央選舉委員會：115年地方公職人員選舉候選人登記名冊,https://web.cec.gov.tw/central/article/64709,2026-09-07
南投縣,縣市議員,南投縣第4選舉區,陳玉鈴,民主進步黨,2026-09-03,,中央選舉委員會：115年地方公職人員選舉候選人登記名冊,https://web.cec.gov.tw/central/article/64709,2026-09-07
南投縣,縣市議員,南投縣第4選舉區,劉子維,中國國民黨,2026-09-04,,中央選舉委員會：115年地方公職人員選舉候選人登記名冊,https://web.cec.gov.tw/central/article/64709,2026-09-07
南投縣,縣市議員,南投縣第5選舉區,戴世詮,無,2026-08-31,,中央選舉委員會：115年地方公職人員選舉候選人登記名冊,https://web.cec.gov.tw/central/article/64709,2026-09-07
南投縣,縣市議員,南投縣第5選舉區,羅俞欣,中國國民黨,2026-08-31,,中央選舉委員會：115年地方公職人員選舉候選人登記名冊,https://web.cec.gov.tw/central/article/64709,2026-09-07
南投縣,縣市議員,南投縣第5選舉區,許文忠,勞動黨,2026-09-02,,中央選舉委員會：115年地方公職人員選舉候選人登記名冊,https://web.cec.gov.tw/central/article/64709,2026-09-07
南投縣,縣市議員,南投縣第5選舉區,林芳伃,中國國民黨,2026-09-02,,中央選舉委員會：115年地方公職人員選舉候選人登記名冊,https://web.cec.gov.tw/central/article/64709,2026-09-07
南投縣,縣市議員,南投縣第5選舉區,廖崑堯,民主進步黨,2026-09-02,,中央選舉委員會：115年地方公職人員選舉候選人登記名冊,https://web.cec.gov.tw/central/article/64709,2026-09-07
南投縣,縣市議員,南投縣第5選舉區,蘇昱誠,民主進步黨,2026-09-02,,中央選舉委員會：115年地方公職人員選舉候選人登記名冊,https://web.cec.gov.tw/central/article/64709,2026-09-07
南投縣,縣市議員,南投縣第5選舉區,吳維倫,無,2026-09-03,,中央選舉委員會：115年地方公職人員選舉候選人登記名冊,https://web.cec.gov.tw/central/article/64709,2026-09-07
南投縣,縣市議員,南投縣第5選舉區,林奕辰,無,2026-09-03,,中央選舉委員會：115年地方公職人員選舉候選人登記名冊,https://web.cec.gov.tw/central/article/64709,2026-09-07
南投縣,縣市議員,南投縣第5選舉區,陳宜君,民主進步黨,2026-09-03,,中央選舉委員會：115年地方公職人員選舉候選人登記名冊,https://web.cec.gov.tw/central/article/64709,2026-09-07
南投縣,縣市議員,南投縣第5選舉區,黃國裕,中國國民黨,2026-09-04,,中央選舉委員會：115年地方公職人員選舉候選人登記名冊,https://web.cec.gov.tw/central/article/64709,2026-09-07
南投縣,縣市議員,南投縣第6選舉區,石慶龍Rungquan‧Lhkatafatu,無,2026-09-02,,中央選舉委員會：115年地方公職人員選舉候選人登記名冊,https://web.cec.gov.tw/central/article/64709,2026-09-07
南投縣,縣市議員,南投縣第6選舉區,江秉翰,無,2026-09-03,,中央選舉委員會：115年地方公職人員選舉候選人登記名冊,https://web.cec.gov.tw/central/article/64709,2026-09-07
南投縣,縣市議員,南投縣第7選舉區,王榮儀,無,2026-08-31,,中央選舉委員會：115年地方公職人員選舉候選人登記名冊,https://web.cec.gov.tw/central/article/64709,2026-09-07
南投縣,縣市議員,南投縣第7選舉區,田東憲,無,2026-09-02,,中央選舉委員會：115年地方公職人員選舉候選人登記名冊,https://web.cec.gov.tw/central/article/64709,2026-09-07
南投縣,縣市議員,南投縣第7選舉區,全文才Balan‧Soqluman,中國國民黨,2026-09-03,,中央選舉委員會：115年地方公職人員選舉候選人登記名冊,https://web.cec.gov.tw/central/article/64709,2026-09-07
南投縣,縣市議員,南投縣第8選舉區,林庭秝 AliWalis,中國國民黨,2026-09-02,,中央選舉委員會：115年地方公職人員選舉候選人登記名冊,https://web.cec.gov.tw/central/article/64709,2026-09-07
雲林縣,縣市議員,雲林縣第1選舉區,廖昶淳,時代力量,2026-08-31,,中央選舉委員會：115年地方公職人員選舉候選人登記名冊,https://web.cec.gov.tw/central/article/64709,2026-09-07
雲林縣,縣市議員,雲林縣第1選舉區,黃釋瑩,無,2026-09-01,,中央選舉委員會：115年地方公職人員選舉候選人登記名冊,https://web.cec.gov.tw/central/article/64709,2026-09-07
雲林縣,縣市議員,雲林縣第1選舉區,陳永修,中國國民黨,2026-09-02,,中央選舉委員會：115年地方公職人員選舉候選人登記名冊,https://web.cec.gov.tw/central/article/64709,2026-09-07
雲林縣,縣市議員,雲林縣第1選舉區,林靖冠,民主進步黨,2026-09-02,,中央選舉委員會：115年地方公職人員選舉候選人登記名冊,https://web.cec.gov.tw/central/article/64709,2026-09-07
雲林縣,縣市議員,雲林縣第1選舉區,廖郁賢,民主進步黨,2026-09-02,,中央選舉委員會：115年地方公職人員選舉候選人登記名冊,https://web.cec.gov.tw/central/article/64709,2026-09-07
雲林縣,縣市議員,雲林縣第1選舉區,江文登,民主進步黨,2026-09-02,,中央選舉委員會：115年地方公職人員選舉候選人登記名冊,https://web.cec.gov.tw/central/article/64709,2026-09-07
雲林縣,縣市議員,雲林縣第1選舉區,邱世文,無,2026-09-02,,中央選舉委員會：115年地方公職人員選舉候選人登記名冊,https://web.cec.gov.tw/central/article/64709,2026-09-07
雲林縣,縣市議員,雲林縣第1選舉區,黃勝志,中國國民黨,2026-09-02,,中央選舉委員會：115年地方公職人員選舉候選人登記名冊,https://web.cec.gov.tw/central/article/64709,2026-09-07
雲林縣,縣市議員,雲林縣第1選舉區,張光儀,無,2026-09-02,,中央選舉委員會：115年地方公職人員選舉候選人登記名冊,https://web.cec.gov.tw/central/article/64709,2026-09-07
雲林縣,縣市議員,雲林縣第1選舉區,王竣毅,無,2026-09-02,,中央選舉委員會：115年地方公職人員選舉候選人登記名冊,https://web.cec.gov.tw/central/article/64709,2026-09-07
雲林縣,縣市議員,雲林縣第1選舉區,林群力,民主進步黨,2026-09-03,,中央選舉委員會：115年地方公職人員選舉候選人登記名冊,https://web.cec.gov.tw/central/article/64709,2026-09-07
雲林縣,縣市議員,雲林縣第1選舉區,林岳璋,無,2026-09-03,,中央選舉委員會：115年地方公職人員選舉候選人登記名冊,https://web.cec.gov.tw/central/article/64709,2026-09-07
雲林縣,縣市議員,雲林縣第1選舉區,許百芳,無,2026-09-03,,中央選舉委員會：115年地方公職人員選舉候選人登記名冊,https://web.cec.gov.tw/central/article/64709,2026-09-07
雲林縣,縣市議員,雲林縣第1選舉區,賴瑪玲,中國國民黨,2026-09-03,,中央選舉委員會：115年地方公職人員選舉候選人登記名冊,https://web.cec.gov.tw/central/article/64709,2026-09-07
雲林縣,縣市議員,雲林縣第1選舉區,曾博鴻,無,2026-09-03,,中央選舉委員會：115年地方公職人員選舉候選人登記名冊,https://web.cec.gov.tw/central/article/64709,2026-09-07
雲林縣,縣市議員,雲林縣第1選舉區,鍾明馨,無,2026-09-03,,中央選舉委員會：115年地方公職人員選舉候選人登記名冊,https://web.cec.gov.tw/central/article/64709,2026-09-07
雲林縣,縣市議員,雲林縣第1選舉區,楊朝祈,無,2026-09-04,,中央選舉委員會：115年地方公職人員選舉候選人登記名冊,https://web.cec.gov.tw/central/article/64709,2026-09-07
雲林縣,縣市議員,雲林縣第1選舉區,陳芳盈,中國國民黨,2026-09-04,,中央選舉委員會：115年地方公職人員選舉候選人登記名冊,https://web.cec.gov.tw/central/article/64709,2026-09-07
雲林縣,縣市議員,雲林縣第2選舉區,陳麗蘭,無,2026-09-01,,中央選舉委員會：115年地方公職人員選舉候選人登記名冊,https://web.cec.gov.tw/central/article/64709,2026-09-07
雲林縣,縣市議員,雲林縣第2選舉區,賴明源,無,2026-09-02,,中央選舉委員會：115年地方公職人員選舉候選人登記名冊,https://web.cec.gov.tw/central/article/64709,2026-09-07
雲林縣,縣市議員,雲林縣第2選舉區,王秋足,中國國民黨,2026-09-02,,中央選舉委員會：115年地方公職人員選舉候選人登記名冊,https://web.cec.gov.tw/central/article/64709,2026-09-07
雲林縣,縣市議員,雲林縣第2選舉區,洪惠玲,無,2026-09-02,,中央選舉委員會：115年地方公職人員選舉候選人登記名冊,https://web.cec.gov.tw/central/article/64709,2026-09-07
雲林縣,縣市議員,雲林縣第2選舉區,高明達,民主進步黨,2026-09-02,,中央選舉委員會：115年地方公職人員選舉候選人登記名冊,https://web.cec.gov.tw/central/article/64709,2026-09-07
雲林縣,縣市議員,雲林縣第2選舉區,黃景鴻,無,2026-09-03,,中央選舉委員會：115年地方公職人員選舉候選人登記名冊,https://web.cec.gov.tw/central/article/64709,2026-09-07
雲林縣,縣市議員,雲林縣第2選舉區,張庭綺,民主進步黨,2026-09-03,,中央選舉委員會：115年地方公職人員選舉候選人登記名冊,https://web.cec.gov.tw/central/article/64709,2026-09-07
雲林縣,縣市議員,雲林縣第2選舉區,林森寳,無,2026-09-03,,中央選舉委員會：115年地方公職人員選舉候選人登記名冊,https://web.cec.gov.tw/central/article/64709,2026-09-07
雲林縣,縣市議員,雲林縣第2選舉區,吳延豐,無,2026-09-04,,中央選舉委員會：115年地方公職人員選舉候選人登記名冊,https://web.cec.gov.tw/central/article/64709,2026-09-07
雲林縣,縣市議員,雲林縣第3選舉區,陳乙辰,台灣民眾黨,2026-08-31,,中央選舉委員會：115年地方公職人員選舉候選人登記名冊,https://web.cec.gov.tw/central/article/64709,2026-09-07
雲林縣,縣市議員,雲林縣第3選舉區,黃美瑤,無,2026-08-31,,中央選舉委員會：115年地方公職人員選舉候選人登記名冊,https://web.cec.gov.tw/central/article/64709,2026-09-07
雲林縣,縣市議員,雲林縣第3選舉區,魏順興,無,2026-08-31,,中央選舉委員會：115年地方公職人員選舉候選人登記名冊,https://web.cec.gov.tw/central/article/64709,2026-09-07
雲林縣,縣市議員,雲林縣第3選舉區,沈昱霆,無,2026-09-01,,中央選舉委員會：115年地方公職人員選舉候選人登記名冊,https://web.cec.gov.tw/central/article/64709,2026-09-07
雲林縣,縣市議員,雲林縣第3選舉區,陳俊龍,無,2026-09-02,,中央選舉委員會：115年地方公職人員選舉候選人登記名冊,https://web.cec.gov.tw/central/article/64709,2026-09-07
雲林縣,縣市議員,雲林縣第3選舉區,黃凱,無,2026-09-02,,中央選舉委員會：115年地方公職人員選舉候選人登記名冊,https://web.cec.gov.tw/central/article/64709,2026-09-07
雲林縣,縣市議員,雲林縣第3選舉區,李明明,民主進步黨,2026-09-02,,中央選舉委員會：115年地方公職人員選舉候選人登記名冊,https://web.cec.gov.tw/central/article/64709,2026-09-07
雲林縣,縣市議員,雲林縣第3選舉區,張維心,無,2026-09-03,,中央選舉委員會：115年地方公職人員選舉候選人登記名冊,https://web.cec.gov.tw/central/article/64709,2026-09-07
雲林縣,縣市議員,雲林縣第3選舉區,蔡明水,無,2026-09-03,,中央選舉委員會：115年地方公職人員選舉候選人登記名冊,https://web.cec.gov.tw/central/article/64709,2026-09-07
雲林縣,縣市議員,雲林縣第3選舉區,林文彬,民主進步黨,2026-09-03,,中央選舉委員會：115年地方公職人員選舉候選人登記名冊,https://web.cec.gov.tw/central/article/64709,2026-09-07
雲林縣,縣市議員,雲林縣第3選舉區,王鈺齊,無,2026-09-04,,中央選舉委員會：115年地方公職人員選舉候選人登記名冊,https://web.cec.gov.tw/central/article/64709,2026-09-07
雲林縣,縣市議員,雲林縣第4選舉區,廖子漢,無,2026-09-01,,中央選舉委員會：115年地方公職人員選舉候選人登記名冊,https://web.cec.gov.tw/central/article/64709,2026-09-07
雲林縣,縣市議員,雲林縣第4選舉區,廖偉晴,中國國民黨,2026-09-02,,中央選舉委員會：115年地方公職人員選舉候選人登記名冊,https://web.cec.gov.tw/central/article/64709,2026-09-07
雲林縣,縣市議員,雲林縣第4選舉區,鍾任明,中國國民黨,2026-09-02,,中央選舉委員會：115年地方公職人員選舉候選人登記名冊,https://web.cec.gov.tw/central/article/64709,2026-09-07
雲林縣,縣市議員,雲林縣第4選舉區,廖庭輝,無,2026-09-03,,中央選舉委員會：115年地方公職人員選舉候選人登記名冊,https://web.cec.gov.tw/central/article/64709,2026-09-07
雲林縣,縣市議員,雲林縣第4選舉區,洪如萍,民主進步黨,2026-09-03,,中央選舉委員會：115年地方公職人員選舉候選人登記名冊,https://web.cec.gov.tw/central/article/64709,2026-09-07
雲林縣,縣市議員,雲林縣第4選舉區,游淑雲,無,2026-09-03,,中央選舉委員會：115年地方公職人員選舉候選人登記名冊,https://web.cec.gov.tw/central/article/64709,2026-09-07
雲林縣,縣市議員,雲林縣第4選舉區,張家閎,台灣民眾黨,2026-09-03,,中央選舉委員會：115年地方公職人員選舉候選人登記名冊,https://web.cec.gov.tw/central/article/64709,2026-09-07
雲林縣,縣市議員,雲林縣第4選舉區,李泓儀,民主進步黨,2026-09-03,,中央選舉委員會：115年地方公職人員選舉候選人登記名冊,https://web.cec.gov.tw/central/article/64709,2026-09-07
雲林縣,縣市議員,雲林縣第4選舉區,王裔迪,民主進步黨,2026-09-03,,中央選舉委員會：115年地方公職人員選舉候選人登記名冊,https://web.cec.gov.tw/central/article/64709,2026-09-07
雲林縣,縣市議員,雲林縣第4選舉區,李明哲,中國國民黨,2026-09-04,,中央選舉委員會：115年地方公職人員選舉候選人登記名冊,https://web.cec.gov.tw/central/article/64709,2026-09-07
雲林縣,縣市議員,雲林縣第4選舉區,楊智凱,無,2026-09-04,,中央選舉委員會：115年地方公職人員選舉候選人登記名冊,https://web.cec.gov.tw/central/article/64709,2026-09-07
雲林縣,縣市議員,雲林縣第5選舉區,郭佩瑄,民主進步黨,2026-08-31,,中央選舉委員會：115年地方公職人員選舉候選人登記名冊,https://web.cec.gov.tw/central/article/64709,2026-09-07
雲林縣,縣市議員,雲林縣第5選舉區,林宜豊,台灣民眾黨,2026-08-31,,中央選舉委員會：115年地方公職人員選舉候選人登記名冊,https://web.cec.gov.tw/central/article/64709,2026-09-07
雲林縣,縣市議員,雲林縣第5選舉區,蔡永順,民主進步黨,2026-09-01,,中央選舉委員會：115年地方公職人員選舉候選人登記名冊,https://web.cec.gov.tw/central/article/64709,2026-09-07
雲林縣,縣市議員,雲林縣第5選舉區,許留賓,無,2026-09-02,,中央選舉委員會：115年地方公職人員選舉候選人登記名冊,https://web.cec.gov.tw/central/article/64709,2026-09-07
雲林縣,縣市議員,雲林縣第5選舉區,吳宗典,無,2026-09-02,,中央選舉委員會：115年地方公職人員選舉候選人登記名冊,https://web.cec.gov.tw/central/article/64709,2026-09-07
雲林縣,縣市議員,雲林縣第5選舉區,蘇國誼,無,2026-09-02,,中央選舉委員會：115年地方公職人員選舉候選人登記名冊,https://web.cec.gov.tw/central/article/64709,2026-09-07
雲林縣,縣市議員,雲林縣第5選舉區,趙育祥,無,2026-09-02,,中央選舉委員會：115年地方公職人員選舉候選人登記名冊,https://web.cec.gov.tw/central/article/64709,2026-09-07
雲林縣,縣市議員,雲林縣第5選舉區,吳蕙蘭,無,2026-09-03,,中央選舉委員會：115年地方公職人員選舉候選人登記名冊,https://web.cec.gov.tw/central/article/64709,2026-09-07
雲林縣,縣市議員,雲林縣第5選舉區,蔡梨美,無,2026-09-03,,中央選舉委員會：115年地方公職人員選舉候選人登記名冊,https://web.cec.gov.tw/central/article/64709,2026-09-07
雲林縣,縣市議員,雲林縣第5選舉區,林建鴻,中國國民黨,2026-09-03,,中央選舉委員會：115年地方公職人員選舉候選人登記名冊,https://web.cec.gov.tw/central/article/64709,2026-09-07
雲林縣,縣市議員,雲林縣第6選舉區,蔡孟真,民主進步黨,2026-09-02,,中央選舉委員會：115年地方公職人員選舉候選人登記名冊,https://web.cec.gov.tw/central/article/64709,2026-09-07
雲林縣,縣市議員,雲林縣第6選舉區,蔡岳儒,民主進步黨,2026-09-02,,中央選舉委員會：115年地方公職人員選舉候選人登記名冊,https://web.cec.gov.tw/central/article/64709,2026-09-07
雲林縣,縣市議員,雲林縣第6選舉區,黃文祥,無,2026-09-02,,中央選舉委員會：115年地方公職人員選舉候選人登記名冊,https://web.cec.gov.tw/central/article/64709,2026-09-07
雲林縣,縣市議員,雲林縣第6選舉區,陳定鈞,無,2026-09-02,,中央選舉委員會：115年地方公職人員選舉候選人登記名冊,https://web.cec.gov.tw/central/article/64709,2026-09-07
雲林縣,縣市議員,雲林縣第6選舉區,黃美蘭,無,2026-09-02,,中央選舉委員會：115年地方公職人員選舉候選人登記名冊,https://web.cec.gov.tw/central/article/64709,2026-09-07
雲林縣,縣市議員,雲林縣第6選舉區,王承宏,無,2026-09-03,,中央選舉委員會：115年地方公職人員選舉候選人登記名冊,https://web.cec.gov.tw/central/article/64709,2026-09-07
雲林縣,縣市議員,雲林縣第6選舉區,王新堯,無,2026-09-03,,中央選舉委員會：115年地方公職人員選舉候選人登記名冊,https://web.cec.gov.tw/central/article/64709,2026-09-07
雲林縣,縣市議員,雲林縣第7選舉區,呂佶娜,中國國民黨,2026-08-31,,中央選舉委員會：115年地方公職人員選舉候選人登記名冊,https://web.cec.gov.tw/central/article/64709,2026-09-07
雲林縣,縣市議員,雲林縣第7選舉區,周志祥Kacaw．Kaco,無,2026-09-03,,中央選舉委員會：115年地方公職人員選舉候選人登記名冊,https://web.cec.gov.tw/central/article/64709,2026-09-07
雲林縣,縣市議員,雲林縣第7選舉區,鄭玫惠,無,2026-09-03,,中央選舉委員會：115年地方公職人員選舉候選人登記名冊,https://web.cec.gov.tw/central/article/64709,2026-09-07
雲林縣,縣市議員,雲林縣第8選舉區,高瑛翠,無,2026-08-31,,中央選舉委員會：115年地方公職人員選舉候選人登記名冊,https://web.cec.gov.tw/central/article/64709,2026-09-07
雲林縣,縣市議員,雲林縣第8選舉區,蔡嘉峻PisawHakaw,無,2026-08-31,,中央選舉委員會：115年地方公職人員選舉候選人登記名冊,https://web.cec.gov.tw/central/article/64709,2026-09-07
雲林縣,縣市議員,雲林縣第8選舉區,李丘威達,無,2026-09-02,,中央選舉委員會：115年地方公職人員選舉候選人登記名冊,https://web.cec.gov.tw/central/article/64709,2026-09-07
雲林縣,縣市議員,雲林縣第8選舉區,張忠豪,無,2026-09-04,,中央選舉委員會：115年地方公職人員選舉候選人登記名冊,https://web.cec.gov.tw/central/article/64709,2026-09-07
嘉義縣,縣市議員,嘉義縣第1選舉區,江佩曄,民主進步黨,2026-08-31,,中央選舉委員會：115年地方公職人員選舉候選人登記名冊,https://web.cec.gov.tw/central/article/64709,2026-09-07
嘉義縣,縣市議員,嘉義縣第1選舉區,黃榮俊,民主進步黨,2026-08-31,,中央選舉委員會：115年地方公職人員選舉候選人登記名冊,https://web.cec.gov.tw/central/article/64709,2026-09-07
嘉義縣,縣市議員,嘉義縣第1選舉區,賴瓊如,無,2026-08-31,,中央選舉委員會：115年地方公職人員選舉候選人登記名冊,https://web.cec.gov.tw/central/article/64709,2026-09-07
嘉義縣,縣市議員,嘉義縣第1選舉區,戴光宗,民主進步黨,2026-09-01,,中央選舉委員會：115年地方公職人員選舉候選人登記名冊,https://web.cec.gov.tw/central/article/64709,2026-09-07
嘉義縣,縣市議員,嘉義縣第1選舉區,黃榮利,民主進步黨,2026-09-02,,中央選舉委員會：115年地方公職人員選舉候選人登記名冊,https://web.cec.gov.tw/central/article/64709,2026-09-07
嘉義縣,縣市議員,嘉義縣第1選舉區,詹琬蓁,中國國民黨,2026-09-02,,中央選舉委員會：115年地方公職人員選舉候選人登記名冊,https://web.cec.gov.tw/central/article/64709,2026-09-07
嘉義縣,縣市議員,嘉義縣第1選舉區,王啓澧,中國國民黨,2026-09-02,,中央選舉委員會：115年地方公職人員選舉候選人登記名冊,https://web.cec.gov.tw/central/article/64709,2026-09-07
嘉義縣,縣市議員,嘉義縣第1選舉區,黃惠汝,民主進步黨,2026-09-02,,中央選舉委員會：115年地方公職人員選舉候選人登記名冊,https://web.cec.gov.tw/central/article/64709,2026-09-07
嘉義縣,縣市議員,嘉義縣第1選舉區,楊秀琴,無,2026-09-02,,中央選舉委員會：115年地方公職人員選舉候選人登記名冊,https://web.cec.gov.tw/central/article/64709,2026-09-07
嘉義縣,縣市議員,嘉義縣第2選舉區,廖昱婧,無,2026-08-31,,中央選舉委員會：115年地方公職人員選舉候選人登記名冊,https://web.cec.gov.tw/central/article/64709,2026-09-07
嘉義縣,縣市議員,嘉義縣第2選舉區,林岱杰,無,2026-09-01,,中央選舉委員會：115年地方公職人員選舉候選人登記名冊,https://web.cec.gov.tw/central/article/64709,2026-09-07
嘉義縣,縣市議員,嘉義縣第2選舉區,許韶珍,無,2026-09-01,,中央選舉委員會：115年地方公職人員選舉候選人登記名冊,https://web.cec.gov.tw/central/article/64709,2026-09-07
嘉義縣,縣市議員,嘉義縣第2選舉區,何秀英,無,2026-09-02,,中央選舉委員會：115年地方公職人員選舉候選人登記名冊,https://web.cec.gov.tw/central/article/64709,2026-09-07
嘉義縣,縣市議員,嘉義縣第2選舉區,陳慶桐,無,2026-09-02,,中央選舉委員會：115年地方公職人員選舉候選人登記名冊,https://web.cec.gov.tw/central/article/64709,2026-09-07
嘉義縣,縣市議員,嘉義縣第2選舉區,林秀琴,民主進步黨,2026-09-02,,中央選舉委員會：115年地方公職人員選舉候選人登記名冊,https://web.cec.gov.tw/central/article/64709,2026-09-07
嘉義縣,縣市議員,嘉義縣第2選舉區,簡嘉億,中國國民黨,2026-09-02,,中央選舉委員會：115年地方公職人員選舉候選人登記名冊,https://web.cec.gov.tw/central/article/64709,2026-09-07
嘉義縣,縣市議員,嘉義縣第2選舉區,林淑完,民主進步黨,2026-09-03,,中央選舉委員會：115年地方公職人員選舉候選人登記名冊,https://web.cec.gov.tw/central/article/64709,2026-09-07
嘉義縣,縣市議員,嘉義縣第2選舉區,黃啟豪,民主進步黨,2026-09-03,,中央選舉委員會：115年地方公職人員選舉候選人登記名冊,https://web.cec.gov.tw/central/article/64709,2026-09-07
嘉義縣,縣市議員,嘉義縣第2選舉區,何文華,民主進步黨,2026-09-03,,中央選舉委員會：115年地方公職人員選舉候選人登記名冊,https://web.cec.gov.tw/central/article/64709,2026-09-07
嘉義縣,縣市議員,嘉義縣第2選舉區,劉明宗,無,2026-09-03,,中央選舉委員會：115年地方公職人員選舉候選人登記名冊,https://web.cec.gov.tw/central/article/64709,2026-09-07
嘉義縣,縣市議員,嘉義縣第2選舉區,陳育勝,無,2026-09-04,,中央選舉委員會：115年地方公職人員選舉候選人登記名冊,https://web.cec.gov.tw/central/article/64709,2026-09-07
嘉義縣,縣市議員,嘉義縣第2選舉區,魏彰儀,無,2026-09-04,,中央選舉委員會：115年地方公職人員選舉候選人登記名冊,https://web.cec.gov.tw/central/article/64709,2026-09-07
嘉義縣,縣市議員,嘉義縣第2選舉區,陳文忠,無,2026-09-04,,中央選舉委員會：115年地方公職人員選舉候選人登記名冊,https://web.cec.gov.tw/central/article/64709,2026-09-07
嘉義縣,縣市議員,嘉義縣第3選舉區,孫維聰,民主進步黨,2026-08-31,,中央選舉委員會：115年地方公職人員選舉候選人登記名冊,https://web.cec.gov.tw/central/article/64709,2026-09-07
嘉義縣,縣市議員,嘉義縣第3選舉區,吳思蓉,中國國民黨,2026-08-31,,中央選舉委員會：115年地方公職人員選舉候選人登記名冊,https://web.cec.gov.tw/central/article/64709,2026-09-07
嘉義縣,縣市議員,嘉義縣第3選舉區,江明赫,無,2026-08-31,,中央選舉委員會：115年地方公職人員選舉候選人登記名冊,https://web.cec.gov.tw/central/article/64709,2026-09-07
嘉義縣,縣市議員,嘉義縣第3選舉區,莊信宗,民主進步黨,2026-08-31,,中央選舉委員會：115年地方公職人員選舉候選人登記名冊,https://web.cec.gov.tw/central/article/64709,2026-09-07
嘉義縣,縣市議員,嘉義縣第3選舉區,陳靖雅,中國國民黨,2026-09-02,,中央選舉委員會：115年地方公職人員選舉候選人登記名冊,https://web.cec.gov.tw/central/article/64709,2026-09-07
嘉義縣,縣市議員,嘉義縣第3選舉區,江志明,民主進步黨,2026-09-03,,中央選舉委員會：115年地方公職人員選舉候選人登記名冊,https://web.cec.gov.tw/central/article/64709,2026-09-07
嘉義縣,縣市議員,嘉義縣第3選舉區,簡志偉,無,2026-09-04,,中央選舉委員會：115年地方公職人員選舉候選人登記名冊,https://web.cec.gov.tw/central/article/64709,2026-09-07
嘉義縣,縣市議員,嘉義縣第4選舉區,黃鈺惠,民主進步黨,2026-09-01,,中央選舉委員會：115年地方公職人員選舉候選人登記名冊,https://web.cec.gov.tw/central/article/64709,2026-09-07
嘉義縣,縣市議員,嘉義縣第4選舉區,萬家甫,台灣民眾黨,2026-09-01,,中央選舉委員會：115年地方公職人員選舉候選人登記名冊,https://web.cec.gov.tw/central/article/64709,2026-09-07
嘉義縣,縣市議員,嘉義縣第4選舉區,李佳豪,中國國民黨,2026-09-02,,中央選舉委員會：115年地方公職人員選舉候選人登記名冊,https://web.cec.gov.tw/central/article/64709,2026-09-07
嘉義縣,縣市議員,嘉義縣第4選舉區,陳怡岳,民主進步黨,2026-09-02,,中央選舉委員會：115年地方公職人員選舉候選人登記名冊,https://web.cec.gov.tw/central/article/64709,2026-09-07
嘉義縣,縣市議員,嘉義縣第4選舉區,姜鈞翔,無,2026-09-02,,中央選舉委員會：115年地方公職人員選舉候選人登記名冊,https://web.cec.gov.tw/central/article/64709,2026-09-07
嘉義縣,縣市議員,嘉義縣第4選舉區,呂文正,民主進步黨,2026-09-02,,中央選舉委員會：115年地方公職人員選舉候選人登記名冊,https://web.cec.gov.tw/central/article/64709,2026-09-07
嘉義縣,縣市議員,嘉義縣第4選舉區,潘麗惠,無,2026-09-02,,中央選舉委員會：115年地方公職人員選舉候選人登記名冊,https://web.cec.gov.tw/central/article/64709,2026-09-07
嘉義縣,縣市議員,嘉義縣第4選舉區,蔡政宜,無,2026-09-04,,中央選舉委員會：115年地方公職人員選舉候選人登記名冊,https://web.cec.gov.tw/central/article/64709,2026-09-07
嘉義縣,縣市議員,嘉義縣第5選舉區,黃金茂,無,2026-09-01,,中央選舉委員會：115年地方公職人員選舉候選人登記名冊,https://web.cec.gov.tw/central/article/64709,2026-09-07
嘉義縣,縣市議員,嘉義縣第5選舉區,陳鳳梅,民主進步黨,2026-09-02,,中央選舉委員會：115年地方公職人員選舉候選人登記名冊,https://web.cec.gov.tw/central/article/64709,2026-09-07
嘉義縣,縣市議員,嘉義縣第5選舉區,翁聰賢,民主進步黨,2026-09-03,,中央選舉委員會：115年地方公職人員選舉候選人登記名冊,https://web.cec.gov.tw/central/article/64709,2026-09-07
嘉義縣,縣市議員,嘉義縣第5選舉區,蔡信典,中國國民黨,2026-09-04,,中央選舉委員會：115年地方公職人員選舉候選人登記名冊,https://web.cec.gov.tw/central/article/64709,2026-09-07
嘉義縣,縣市議員,嘉義縣第6選舉區,曾亮哲,民主進步黨,2026-09-02,,中央選舉委員會：115年地方公職人員選舉候選人登記名冊,https://web.cec.gov.tw/central/article/64709,2026-09-07
嘉義縣,縣市議員,嘉義縣第6選舉區,詹黃素蓮,中國國民黨,2026-09-02,,中央選舉委員會：115年地方公職人員選舉候選人登記名冊,https://web.cec.gov.tw/central/article/64709,2026-09-07
嘉義縣,縣市議員,嘉義縣第6選舉區,陳柏麟,民主進步黨,2026-09-02,,中央選舉委員會：115年地方公職人員選舉候選人登記名冊,https://web.cec.gov.tw/central/article/64709,2026-09-07
嘉義縣,縣市議員,嘉義縣第6選舉區,莊竣傑,無,2026-09-02,,中央選舉委員會：115年地方公職人員選舉候選人登記名冊,https://web.cec.gov.tw/central/article/64709,2026-09-07
嘉義縣,縣市議員,嘉義縣第6選舉區,何博倫,無,2026-09-02,,中央選舉委員會：115年地方公職人員選舉候選人登記名冊,https://web.cec.gov.tw/central/article/64709,2026-09-07
嘉義縣,縣市議員,嘉義縣第6選舉區,江季珍,民主進步黨,2026-09-03,,中央選舉委員會：115年地方公職人員選舉候選人登記名冊,https://web.cec.gov.tw/central/article/64709,2026-09-07
嘉義縣,縣市議員,嘉義縣第6選舉區,羅士洋,民主進步黨,2026-09-03,,中央選舉委員會：115年地方公職人員選舉候選人登記名冊,https://web.cec.gov.tw/central/article/64709,2026-09-07
嘉義縣,縣市議員,嘉義縣第6選舉區,詹志暉,無,2026-09-03,,中央選舉委員會：115年地方公職人員選舉候選人登記名冊,https://web.cec.gov.tw/central/article/64709,2026-09-07
嘉義縣,縣市議員,嘉義縣第6選舉區,張明達,民主進步黨,2026-09-03,,中央選舉委員會：115年地方公職人員選舉候選人登記名冊,https://web.cec.gov.tw/central/article/64709,2026-09-07
嘉義縣,縣市議員,嘉義縣第6選舉區,張倖鈺,無,2026-09-04,,中央選舉委員會：115年地方公職人員選舉候選人登記名冊,https://web.cec.gov.tw/central/article/64709,2026-09-07
嘉義縣,縣市議員,嘉義縣第7選舉區,武清山,無,2026-09-02,,中央選舉委員會：115年地方公職人員選舉候選人登記名冊,https://web.cec.gov.tw/central/article/64709,2026-09-07
屏東縣,縣市議員,屏東縣第1選舉區,蔣月惠,無,2026-08-31,,中央選舉委員會：115年地方公職人員選舉候選人登記名冊,https://web.cec.gov.tw/central/article/64709,2026-09-07
屏東縣,縣市議員,屏東縣第1選舉區,張平原,無,2026-08-31,,中央選舉委員會：115年地方公職人員選舉候選人登記名冊,https://web.cec.gov.tw/central/article/64709,2026-09-07
屏東縣,縣市議員,屏東縣第1選舉區,林建志,無,2026-08-31,,中央選舉委員會：115年地方公職人員選舉候選人登記名冊,https://web.cec.gov.tw/central/article/64709,2026-09-07
屏東縣,縣市議員,屏東縣第1選舉區,林明順,無,2026-08-31,,中央選舉委員會：115年地方公職人員選舉候選人登記名冊,https://web.cec.gov.tw/central/article/64709,2026-09-07
屏東縣,縣市議員,屏東縣第1選舉區,蔣家煌,無,2026-09-01,,中央選舉委員會：115年地方公職人員選舉候選人登記名冊,https://web.cec.gov.tw/central/article/64709,2026-09-07
屏東縣,縣市議員,屏東縣第1選舉區,方華雄,中國國民黨,2026-09-01,,中央選舉委員會：115年地方公職人員選舉候選人登記名冊,https://web.cec.gov.tw/central/article/64709,2026-09-07
屏東縣,縣市議員,屏東縣第1選舉區,陳揚,中國國民黨,2026-09-01,,中央選舉委員會：115年地方公職人員選舉候選人登記名冊,https://web.cec.gov.tw/central/article/64709,2026-09-07
屏東縣,縣市議員,屏東縣第1選舉區,任峻賢,中國國民黨,2026-09-02,,中央選舉委員會：115年地方公職人員選舉候選人登記名冊,https://web.cec.gov.tw/central/article/64709,2026-09-07
屏東縣,縣市議員,屏東縣第1選舉區,黃明賢,中國國民黨,2026-09-02,,中央選舉委員會：115年地方公職人員選舉候選人登記名冊,https://web.cec.gov.tw/central/article/64709,2026-09-07
屏東縣,縣市議員,屏東縣第1選舉區,李清聖,民主進步黨,2026-09-02,,中央選舉委員會：115年地方公職人員選舉候選人登記名冊,https://web.cec.gov.tw/central/article/64709,2026-09-07
屏東縣,縣市議員,屏東縣第1選舉區,蘇資婷,中國國民黨,2026-09-02,,中央選舉委員會：115年地方公職人員選舉候選人登記名冊,https://web.cec.gov.tw/central/article/64709,2026-09-07
屏東縣,縣市議員,屏東縣第1選舉區,龔書翩,無,2026-09-02,,中央選舉委員會：115年地方公職人員選舉候選人登記名冊,https://web.cec.gov.tw/central/article/64709,2026-09-07
屏東縣,縣市議員,屏東縣第1選舉區,李世斌,民主進步黨,2026-09-03,,中央選舉委員會：115年地方公職人員選舉候選人登記名冊,https://web.cec.gov.tw/central/article/64709,2026-09-07
屏東縣,縣市議員,屏東縣第1選舉區,蔡侑庭,民主進步黨,2026-09-03,,中央選舉委員會：115年地方公職人員選舉候選人登記名冊,https://web.cec.gov.tw/central/article/64709,2026-09-07
屏東縣,縣市議員,屏東縣第1選舉區,陳哲蕙,中國國民黨,2026-09-03,,中央選舉委員會：115年地方公職人員選舉候選人登記名冊,https://web.cec.gov.tw/central/article/64709,2026-09-07
屏東縣,縣市議員,屏東縣第1選舉區,饒怡君,民主進步黨,2026-09-04,,中央選舉委員會：115年地方公職人員選舉候選人登記名冊,https://web.cec.gov.tw/central/article/64709,2026-09-07
屏東縣,縣市議員,屏東縣第1選舉區,林育先,台灣民眾黨,2026-09-04,,中央選舉委員會：115年地方公職人員選舉候選人登記名冊,https://web.cec.gov.tw/central/article/64709,2026-09-07
屏東縣,縣市議員,屏東縣第1選舉區,方一祥,民主進步黨,2026-09-04,,中央選舉委員會：115年地方公職人員選舉候選人登記名冊,https://web.cec.gov.tw/central/article/64709,2026-09-07
屏東縣,縣市議員,屏東縣第1選舉區,劉振隆,無,2026-09-04,,中央選舉委員會：115年地方公職人員選舉候選人登記名冊,https://web.cec.gov.tw/central/article/64709,2026-09-07
屏東縣,縣市議員,屏東縣第1選舉區,陳韋強,無,2026-09-04,,中央選舉委員會：115年地方公職人員選舉候選人登記名冊,https://web.cec.gov.tw/central/article/64709,2026-09-07
屏東縣,縣市議員,屏東縣第2選舉區,宋麗華,中國國民黨,2026-08-31,,中央選舉委員會：115年地方公職人員選舉候選人登記名冊,https://web.cec.gov.tw/central/article/64709,2026-09-07
屏東縣,縣市議員,屏東縣第2選舉區,盧文瑞,中國國民黨,2026-08-31,,中央選舉委員會：115年地方公職人員選舉候選人登記名冊,https://web.cec.gov.tw/central/article/64709,2026-09-07
屏東縣,縣市議員,屏東縣第2選舉區,莊瓊如,無,2026-08-31,,中央選舉委員會：115年地方公職人員選舉候選人登記名冊,https://web.cec.gov.tw/central/article/64709,2026-09-07
屏東縣,縣市議員,屏東縣第2選舉區,徐國銘,民主進步黨,2026-09-02,,中央選舉委員會：115年地方公職人員選舉候選人登記名冊,https://web.cec.gov.tw/central/article/64709,2026-09-07
屏東縣,縣市議員,屏東縣第2選舉區,何春美,無,2026-09-02,,中央選舉委員會：115年地方公職人員選舉候選人登記名冊,https://web.cec.gov.tw/central/article/64709,2026-09-07
屏東縣,縣市議員,屏東縣第2選舉區,鍾詔元,無,2026-09-02,,中央選舉委員會：115年地方公職人員選舉候選人登記名冊,https://web.cec.gov.tw/central/article/64709,2026-09-07
屏東縣,縣市議員,屏東縣第2選舉區,葉明博,無,2026-09-02,,中央選舉委員會：115年地方公職人員選舉候選人登記名冊,https://web.cec.gov.tw/central/article/64709,2026-09-07
屏東縣,縣市議員,屏東縣第2選舉區,陳秋豪,無,2026-09-02,,中央選舉委員會：115年地方公職人員選舉候選人登記名冊,https://web.cec.gov.tw/central/article/64709,2026-09-07
屏東縣,縣市議員,屏東縣第2選舉區,王景山,中國國民黨,2026-09-02,,中央選舉委員會：115年地方公職人員選舉候選人登記名冊,https://web.cec.gov.tw/central/article/64709,2026-09-07
屏東縣,縣市議員,屏東縣第2選舉區,蘇孟淳,無,2026-09-03,,中央選舉委員會：115年地方公職人員選舉候選人登記名冊,https://web.cec.gov.tw/central/article/64709,2026-09-07
屏東縣,縣市議員,屏東縣第2選舉區,鍾慶平,無,2026-09-03,,中央選舉委員會：115年地方公職人員選舉候選人登記名冊,https://web.cec.gov.tw/central/article/64709,2026-09-07
屏東縣,縣市議員,屏東縣第3選舉區,魏楓淩,無,2026-08-31,,中央選舉委員會：115年地方公職人員選舉候選人登記名冊,https://web.cec.gov.tw/central/article/64709,2026-09-07
屏東縣,縣市議員,屏東縣第3選舉區,陳宗廷,無,2026-09-01,,中央選舉委員會：115年地方公職人員選舉候選人登記名冊,https://web.cec.gov.tw/central/article/64709,2026-09-07
屏東縣,縣市議員,屏東縣第3選舉區,許馨勻,中國國民黨,2026-09-02,,中央選舉委員會：115年地方公職人員選舉候選人登記名冊,https://web.cec.gov.tw/central/article/64709,2026-09-07
屏東縣,縣市議員,屏東縣第3選舉區,吳慈慧,中國國民黨,2026-09-02,,中央選舉委員會：115年地方公職人員選舉候選人登記名冊,https://web.cec.gov.tw/central/article/64709,2026-09-07
屏東縣,縣市議員,屏東縣第3選舉區,黃建溢,民主進步黨,2026-09-02,,中央選舉委員會：115年地方公職人員選舉候選人登記名冊,https://web.cec.gov.tw/central/article/64709,2026-09-07
屏東縣,縣市議員,屏東縣第3選舉區,林郁虹,無,2026-09-02,,中央選舉委員會：115年地方公職人員選舉候選人登記名冊,https://web.cec.gov.tw/central/article/64709,2026-09-07
屏東縣,縣市議員,屏東縣第3選舉區,利八魁,民主進步黨,2026-09-02,,中央選舉委員會：115年地方公職人員選舉候選人登記名冊,https://web.cec.gov.tw/central/article/64709,2026-09-07
屏東縣,縣市議員,屏東縣第3選舉區,林國順,無,2026-09-03,,中央選舉委員會：115年地方公職人員選舉候選人登記名冊,https://web.cec.gov.tw/central/article/64709,2026-09-07
屏東縣,縣市議員,屏東縣第3選舉區,潘連周,無,2026-09-03,,中央選舉委員會：115年地方公職人員選舉候選人登記名冊,https://web.cec.gov.tw/central/article/64709,2026-09-07
屏東縣,縣市議員,屏東縣第3選舉區,潘筱潔,民主進步黨,2026-09-03,,中央選舉委員會：115年地方公職人員選舉候選人登記名冊,https://web.cec.gov.tw/central/article/64709,2026-09-07
屏東縣,縣市議員,屏東縣第3選舉區,陳志成,無,2026-09-03,,中央選舉委員會：115年地方公職人員選舉候選人登記名冊,https://web.cec.gov.tw/central/article/64709,2026-09-07
屏東縣,縣市議員,屏東縣第3選舉區,徐榮耀,中國國民黨,2026-09-03,,中央選舉委員會：115年地方公職人員選舉候選人登記名冊,https://web.cec.gov.tw/central/article/64709,2026-09-07
屏東縣,縣市議員,屏東縣第3選舉區,潘炩禕,民主進步黨,2026-09-03,,中央選舉委員會：115年地方公職人員選舉候選人登記名冊,https://web.cec.gov.tw/central/article/64709,2026-09-07
屏東縣,縣市議員,屏東縣第3選舉區,李世淦,中國國民黨,2026-09-04,,中央選舉委員會：115年地方公職人員選舉候選人登記名冊,https://web.cec.gov.tw/central/article/64709,2026-09-07
屏東縣,縣市議員,屏東縣第4選舉區,劉孟君,民主進步黨,2026-09-01,,中央選舉委員會：115年地方公職人員選舉候選人登記名冊,https://web.cec.gov.tw/central/article/64709,2026-09-07
屏東縣,縣市議員,屏東縣第4選舉區,胡嘉玲,中國國民黨,2026-09-01,,中央選舉委員會：115年地方公職人員選舉候選人登記名冊,https://web.cec.gov.tw/central/article/64709,2026-09-07
屏東縣,縣市議員,屏東縣第4選舉區,許展維,民主進步黨,2026-09-02,,中央選舉委員會：115年地方公職人員選舉候選人登記名冊,https://web.cec.gov.tw/central/article/64709,2026-09-07
屏東縣,縣市議員,屏東縣第4選舉區,方文正,民主進步黨,2026-09-02,,中央選舉委員會：115年地方公職人員選舉候選人登記名冊,https://web.cec.gov.tw/central/article/64709,2026-09-07
屏東縣,縣市議員,屏東縣第4選舉區,林蔡鳯梅,無,2026-09-02,,中央選舉委員會：115年地方公職人員選舉候選人登記名冊,https://web.cec.gov.tw/central/article/64709,2026-09-07
屏東縣,縣市議員,屏東縣第4選舉區,方冠丁,民主進步黨,2026-09-02,,中央選舉委員會：115年地方公職人員選舉候選人登記名冊,https://web.cec.gov.tw/central/article/64709,2026-09-07
屏東縣,縣市議員,屏東縣第4選舉區,鄭喬云,無,2026-09-02,,中央選舉委員會：115年地方公職人員選舉候選人登記名冊,https://web.cec.gov.tw/central/article/64709,2026-09-07
屏東縣,縣市議員,屏東縣第4選舉區,呂少麒,民主進步黨,2026-09-02,,中央選舉委員會：115年地方公職人員選舉候選人登記名冊,https://web.cec.gov.tw/central/article/64709,2026-09-07
屏東縣,縣市議員,屏東縣第4選舉區,周芸均,中國國民黨,2026-09-02,,中央選舉委員會：115年地方公職人員選舉候選人登記名冊,https://web.cec.gov.tw/central/article/64709,2026-09-07
屏東縣,縣市議員,屏東縣第4選舉區,林宇澤,無,2026-09-03,,中央選舉委員會：115年地方公職人員選舉候選人登記名冊,https://web.cec.gov.tw/central/article/64709,2026-09-07
屏東縣,縣市議員,屏東縣第5選舉區,周碧雲,民主進步黨,2026-08-31,,中央選舉委員會：115年地方公職人員選舉候選人登記名冊,https://web.cec.gov.tw/central/article/64709,2026-09-07
屏東縣,縣市議員,屏東縣第5選舉區,羅平道,民主進步黨,2026-09-01,,中央選舉委員會：115年地方公職人員選舉候選人登記名冊,https://web.cec.gov.tw/central/article/64709,2026-09-07
屏東縣,縣市議員,屏東縣第5選舉區,黃盈裕,無,2026-09-02,,中央選舉委員會：115年地方公職人員選舉候選人登記名冊,https://web.cec.gov.tw/central/article/64709,2026-09-07
屏東縣,縣市議員,屏東縣第5選舉區,陳靜芳,中國國民黨,2026-09-03,,中央選舉委員會：115年地方公職人員選舉候選人登記名冊,https://web.cec.gov.tw/central/article/64709,2026-09-07
屏東縣,縣市議員,屏東縣第5選舉區,張榮傑,無,2026-09-03,,中央選舉委員會：115年地方公職人員選舉候選人登記名冊,https://web.cec.gov.tw/central/article/64709,2026-09-07
屏東縣,縣市議員,屏東縣第6選舉區,盧邑宸,無,2026-08-31,,中央選舉委員會：115年地方公職人員選舉候選人登記名冊,https://web.cec.gov.tw/central/article/64709,2026-09-07
屏東縣,縣市議員,屏東縣第6選舉區,張榮志,中國國民黨,2026-09-02,,中央選舉委員會：115年地方公職人員選舉候選人登記名冊,https://web.cec.gov.tw/central/article/64709,2026-09-07
屏東縣,縣市議員,屏東縣第6選舉區,潘芳泉,民主進步黨,2026-09-03,,中央選舉委員會：115年地方公職人員選舉候選人登記名冊,https://web.cec.gov.tw/central/article/64709,2026-09-07
屏東縣,縣市議員,屏東縣第6選舉區,李建華,民主進步黨,2026-09-04,,中央選舉委員會：115年地方公職人員選舉候選人登記名冊,https://web.cec.gov.tw/central/article/64709,2026-09-07
屏東縣,縣市議員,屏東縣第7選舉區,陳建興,無,2026-08-31,,中央選舉委員會：115年地方公職人員選舉候選人登記名冊,https://web.cec.gov.tw/central/article/64709,2026-09-07
屏東縣,縣市議員,屏東縣第7選舉區,陳國在,無,2026-09-01,,中央選舉委員會：115年地方公職人員選舉候選人登記名冊,https://web.cec.gov.tw/central/article/64709,2026-09-07
屏東縣,縣市議員,屏東縣第8選舉區,潘翠雲,中國國民黨,2026-09-02,,中央選舉委員會：115年地方公職人員選舉候選人登記名冊,https://web.cec.gov.tw/central/article/64709,2026-09-07
屏東縣,縣市議員,屏東縣第9選舉區,江金妹,無,2026-09-02,,中央選舉委員會：115年地方公職人員選舉候選人登記名冊,https://web.cec.gov.tw/central/article/64709,2026-09-07
屏東縣,縣市議員,屏東縣第9選舉區,張利惠,中國國民黨,2026-09-04,,中央選舉委員會：115年地方公職人員選舉候選人登記名冊,https://web.cec.gov.tw/central/article/64709,2026-09-07
屏東縣,縣市議員,屏東縣第10選舉區,高惠芬,中國國民黨,2026-09-02,,中央選舉委員會：115年地方公職人員選舉候選人登記名冊,https://web.cec.gov.tw/central/article/64709,2026-09-07
屏東縣,縣市議員,屏東縣第10選舉區,蕭惠美ZuljezuljeQapulu,無,2026-09-02,,中央選舉委員會：115年地方公職人員選舉候選人登記名冊,https://web.cec.gov.tw/central/article/64709,2026-09-07
屏東縣,縣市議員,屏東縣第11選舉區,何長成,無,2026-09-02,,中央選舉委員會：115年地方公職人員選舉候選人登記名冊,https://web.cec.gov.tw/central/article/64709,2026-09-07
屏東縣,縣市議員,屏東縣第11選舉區,邱登星Adrucangalj·Drusaljiyan,中國國民黨,2026-09-03,,中央選舉委員會：115年地方公職人員選舉候選人登記名冊,https://web.cec.gov.tw/central/article/64709,2026-09-07
屏東縣,縣市議員,屏東縣第12選舉區,越秋女,無,2026-09-01,,中央選舉委員會：115年地方公職人員選舉候選人登記名冊,https://web.cec.gov.tw/central/article/64709,2026-09-07
屏東縣,縣市議員,屏東縣第12選舉區,鄭鴻耀,無,2026-09-03,,中央選舉委員會：115年地方公職人員選舉候選人登記名冊,https://web.cec.gov.tw/central/article/64709,2026-09-07
屏東縣,縣市議員,屏東縣第12選舉區,莊景星,無,2026-09-04,,中央選舉委員會：115年地方公職人員選舉候選人登記名冊,https://web.cec.gov.tw/central/article/64709,2026-09-07
屏東縣,縣市議員,屏東縣第13選舉區,周陳曉玟,無,2026-08-31,,中央選舉委員會：115年地方公職人員選舉候選人登記名冊,https://web.cec.gov.tw/central/article/64709,2026-09-07
屏東縣,縣市議員,屏東縣第13選舉區,鄭志偉,無,2026-09-03,,中央選舉委員會：115年地方公職人員選舉候選人登記名冊,https://web.cec.gov.tw/central/article/64709,2026-09-07
屏東縣,縣市議員,屏東縣第14選舉區,周英傑,中國國民黨,2026-09-01,,中央選舉委員會：115年地方公職人員選舉候選人登記名冊,https://web.cec.gov.tw/central/article/64709,2026-09-07
屏東縣,縣市議員,屏東縣第14選舉區,李振榮,無,2026-09-02,,中央選舉委員會：115年地方公職人員選舉候選人登記名冊,https://web.cec.gov.tw/central/article/64709,2026-09-07
屏東縣,縣市議員,屏東縣第14選舉區,侯廉聰AljimPacikel,無,2026-09-03,,中央選舉委員會：115年地方公職人員選舉候選人登記名冊,https://web.cec.gov.tw/central/article/64709,2026-09-07
屏東縣,縣市議員,屏東縣第15選舉區,許金吉,中國國民黨,2026-09-02,,中央選舉委員會：115年地方公職人員選舉候選人登記名冊,https://web.cec.gov.tw/central/article/64709,2026-09-07
屏東縣,縣市議員,屏東縣第15選舉區,洪亞男,無,2026-09-03,,中央選舉委員會：115年地方公職人員選舉候選人登記名冊,https://web.cec.gov.tw/central/article/64709,2026-09-07
屏東縣,縣市議員,屏東縣第15選舉區,林明德,無,2026-09-03,,中央選舉委員會：115年地方公職人員選舉候選人登記名冊,https://web.cec.gov.tw/central/article/64709,2026-09-07
屏東縣,縣市議員,屏東縣第15選舉區,劉忠義,無,2026-09-03,,中央選舉委員會：115年地方公職人員選舉候選人登記名冊,https://web.cec.gov.tw/central/article/64709,2026-09-07
屏東縣,縣市議員,屏東縣第16選舉區,杜玉慧,無,2026-09-03,,中央選舉委員會：115年地方公職人員選舉候選人登記名冊,https://web.cec.gov.tw/central/article/64709,2026-09-07
屏東縣,縣市議員,屏東縣第16選舉區,杜仁勇,無,2026-09-03,,中央選舉委員會：115年地方公職人員選舉候選人登記名冊,https://web.cec.gov.tw/central/article/64709,2026-09-07
宜蘭縣,縣市議員,宜蘭縣第1選舉區,林麗,民主進步黨,2026-08-31,,中央選舉委員會：115年地方公職人員選舉候選人登記名冊,https://web.cec.gov.tw/central/article/64709,2026-09-07
宜蘭縣,縣市議員,宜蘭縣第1選舉區,劉仲書,時代力量,2026-08-31,,中央選舉委員會：115年地方公職人員選舉候選人登記名冊,https://web.cec.gov.tw/central/article/64709,2026-09-07
宜蘭縣,縣市議員,宜蘭縣第1選舉區,游國連,民主進步黨,2026-08-31,,中央選舉委員會：115年地方公職人員選舉候選人登記名冊,https://web.cec.gov.tw/central/article/64709,2026-09-07
宜蘭縣,縣市議員,宜蘭縣第1選舉區,黃光佑,無,2026-09-01,,中央選舉委員會：115年地方公職人員選舉候選人登記名冊,https://web.cec.gov.tw/central/article/64709,2026-09-07
宜蘭縣,縣市議員,宜蘭縣第1選舉區,林岳賢,中國國民黨,2026-09-01,,中央選舉委員會：115年地方公職人員選舉候選人登記名冊,https://web.cec.gov.tw/central/article/64709,2026-09-07
宜蘭縣,縣市議員,宜蘭縣第1選舉區,何加忻,正神名黨,2026-09-01,,中央選舉委員會：115年地方公職人員選舉候選人登記名冊,https://web.cec.gov.tw/central/article/64709,2026-09-07
宜蘭縣,縣市議員,宜蘭縣第1選舉區,莊淑如,中國國民黨,2026-09-02,,中央選舉委員會：115年地方公職人員選舉候選人登記名冊,https://web.cec.gov.tw/central/article/64709,2026-09-07
宜蘭縣,縣市議員,宜蘭縣第1選舉區,黃定和,中國國民黨,2026-09-02,,中央選舉委員會：115年地方公職人員選舉候選人登記名冊,https://web.cec.gov.tw/central/article/64709,2026-09-07
宜蘭縣,縣市議員,宜蘭縣第1選舉區,陳漢澤,民主進步黨,2026-09-02,,中央選舉委員會：115年地方公職人員選舉候選人登記名冊,https://web.cec.gov.tw/central/article/64709,2026-09-07
宜蘭縣,縣市議員,宜蘭縣第1選舉區,張勝德,中國國民黨,2026-09-02,,中央選舉委員會：115年地方公職人員選舉候選人登記名冊,https://web.cec.gov.tw/central/article/64709,2026-09-07
宜蘭縣,縣市議員,宜蘭縣第1選舉區,林錫明,無,2026-09-03,,中央選舉委員會：115年地方公職人員選舉候選人登記名冊,https://web.cec.gov.tw/central/article/64709,2026-09-07
宜蘭縣,縣市議員,宜蘭縣第1選舉區,楊易林,無,2026-09-03,,中央選舉委員會：115年地方公職人員選舉候選人登記名冊,https://web.cec.gov.tw/central/article/64709,2026-09-07
宜蘭縣,縣市議員,宜蘭縣第1選舉區,林蒼佑,台灣民眾黨,2026-09-03,,中央選舉委員會：115年地方公職人員選舉候選人登記名冊,https://web.cec.gov.tw/central/article/64709,2026-09-07
宜蘭縣,縣市議員,宜蘭縣第1選舉區,黃奎翰,無,2026-09-04,,中央選舉委員會：115年地方公職人員選舉候選人登記名冊,https://web.cec.gov.tw/central/article/64709,2026-09-07
宜蘭縣,縣市議員,宜蘭縣第1選舉區,項秀蘭,無,2026-09-04,,中央選舉委員會：115年地方公職人員選舉候選人登記名冊,https://web.cec.gov.tw/central/article/64709,2026-09-07
宜蘭縣,縣市議員,宜蘭縣第2選舉區,林詩穎,民主進步黨,2026-09-02,,中央選舉委員會：115年地方公職人員選舉候選人登記名冊,https://web.cec.gov.tw/central/article/64709,2026-09-07
宜蘭縣,縣市議員,宜蘭縣第2選舉區,賴良洲,中國國民黨,2026-09-02,,中央選舉委員會：115年地方公職人員選舉候選人登記名冊,https://web.cec.gov.tw/central/article/64709,2026-09-07
宜蘭縣,縣市議員,宜蘭縣第2選舉區,林瑞文,無,2026-09-04,,中央選舉委員會：115年地方公職人員選舉候選人登記名冊,https://web.cec.gov.tw/central/article/64709,2026-09-07
宜蘭縣,縣市議員,宜蘭縣第3選舉區,李淑芬,民主進步黨,2026-09-02,,中央選舉委員會：115年地方公職人員選舉候選人登記名冊,https://web.cec.gov.tw/central/article/64709,2026-09-07
宜蘭縣,縣市議員,宜蘭縣第3選舉區,林聰池,無,2026-09-02,,中央選舉委員會：115年地方公職人員選舉候選人登記名冊,https://web.cec.gov.tw/central/article/64709,2026-09-07
宜蘭縣,縣市議員,宜蘭縣第3選舉區,游順評,無,2026-09-03,,中央選舉委員會：115年地方公職人員選舉候選人登記名冊,https://web.cec.gov.tw/central/article/64709,2026-09-07
宜蘭縣,縣市議員,宜蘭縣第3選舉區,吳秋玟,無,2026-09-04,,中央選舉委員會：115年地方公職人員選舉候選人登記名冊,https://web.cec.gov.tw/central/article/64709,2026-09-07
宜蘭縣,縣市議員,宜蘭縣第3選舉區,張永德,中國國民黨,2026-09-04,,中央選舉委員會：115年地方公職人員選舉候選人登記名冊,https://web.cec.gov.tw/central/article/64709,2026-09-07
宜蘭縣,縣市議員,宜蘭縣第4選舉區,李姿婷,民主進步黨,2026-09-02,,中央選舉委員會：115年地方公職人員選舉候選人登記名冊,https://web.cec.gov.tw/central/article/64709,2026-09-07
宜蘭縣,縣市議員,宜蘭縣第4選舉區,黃浴沂,中國國民黨,2026-09-03,,中央選舉委員會：115年地方公職人員選舉候選人登記名冊,https://web.cec.gov.tw/central/article/64709,2026-09-07
宜蘭縣,縣市議員,宜蘭縣第4選舉區,陳玉麟,無,2026-09-04,,中央選舉委員會：115年地方公職人員選舉候選人登記名冊,https://web.cec.gov.tw/central/article/64709,2026-09-07
宜蘭縣,縣市議員,宜蘭縣第5選舉區,江子言,無,2026-08-31,,中央選舉委員會：115年地方公職人員選舉候選人登記名冊,https://web.cec.gov.tw/central/article/64709,2026-09-07
宜蘭縣,縣市議員,宜蘭縣第5選舉區,沈清山,無,2026-09-02,,中央選舉委員會：115年地方公職人員選舉候選人登記名冊,https://web.cec.gov.tw/central/article/64709,2026-09-07
宜蘭縣,縣市議員,宜蘭縣第5選舉區,黃建勇,中國國民黨,2026-09-02,,中央選舉委員會：115年地方公職人員選舉候選人登記名冊,https://web.cec.gov.tw/central/article/64709,2026-09-07
宜蘭縣,縣市議員,宜蘭縣第5選舉區,陳福山,無,2026-09-02,,中央選舉委員會：115年地方公職人員選舉候選人登記名冊,https://web.cec.gov.tw/central/article/64709,2026-09-07
宜蘭縣,縣市議員,宜蘭縣第6選舉區,陳漢鍾,中國國民黨,2026-08-31,,中央選舉委員會：115年地方公職人員選舉候選人登記名冊,https://web.cec.gov.tw/central/article/64709,2026-09-07
宜蘭縣,縣市議員,宜蘭縣第6選舉區,謝家倫,民主進步黨,2026-09-02,,中央選舉委員會：115年地方公職人員選舉候選人登記名冊,https://web.cec.gov.tw/central/article/64709,2026-09-07
宜蘭縣,縣市議員,宜蘭縣第6選舉區,薛呈懿,民主進步黨,2026-09-02,,中央選舉委員會：115年地方公職人員選舉候選人登記名冊,https://web.cec.gov.tw/central/article/64709,2026-09-07
宜蘭縣,縣市議員,宜蘭縣第6選舉區,呂惠卿,民主進步黨,2026-09-02,,中央選舉委員會：115年地方公職人員選舉候選人登記名冊,https://web.cec.gov.tw/central/article/64709,2026-09-07
宜蘭縣,縣市議員,宜蘭縣第6選舉區,李中,勞動黨,2026-09-02,,中央選舉委員會：115年地方公職人員選舉候選人登記名冊,https://web.cec.gov.tw/central/article/64709,2026-09-07
宜蘭縣,縣市議員,宜蘭縣第6選舉區,林宜弘,無,2026-09-03,,中央選舉委員會：115年地方公職人員選舉候選人登記名冊,https://web.cec.gov.tw/central/article/64709,2026-09-07
宜蘭縣,縣市議員,宜蘭縣第6選舉區,黃琤婷,中國國民黨,2026-09-03,,中央選舉委員會：115年地方公職人員選舉候選人登記名冊,https://web.cec.gov.tw/central/article/64709,2026-09-07
宜蘭縣,縣市議員,宜蘭縣第6選舉區,王乾明,台灣民眾黨,2026-09-03,,中央選舉委員會：115年地方公職人員選舉候選人登記名冊,https://web.cec.gov.tw/central/article/64709,2026-09-07
宜蘭縣,縣市議員,宜蘭縣第7選舉區,黃子堯,無,2026-09-01,,中央選舉委員會：115年地方公職人員選舉候選人登記名冊,https://web.cec.gov.tw/central/article/64709,2026-09-07
宜蘭縣,縣市議員,宜蘭縣第7選舉區,林義剛,中國國民黨,2026-09-01,,中央選舉委員會：115年地方公職人員選舉候選人登記名冊,https://web.cec.gov.tw/central/article/64709,2026-09-07
宜蘭縣,縣市議員,宜蘭縣第7選舉區,沈信雄,無,2026-09-02,,中央選舉委員會：115年地方公職人員選舉候選人登記名冊,https://web.cec.gov.tw/central/article/64709,2026-09-07
宜蘭縣,縣市議員,宜蘭縣第7選舉區,張明華,民主進步黨,2026-09-03,,中央選舉委員會：115年地方公職人員選舉候選人登記名冊,https://web.cec.gov.tw/central/article/64709,2026-09-07
宜蘭縣,縣市議員,宜蘭縣第8選舉區,楊弘旻,中國國民黨,2026-09-02,,中央選舉委員會：115年地方公職人員選舉候選人登記名冊,https://web.cec.gov.tw/central/article/64709,2026-09-07
宜蘭縣,縣市議員,宜蘭縣第8選舉區,邱素梅,無,2026-09-02,,中央選舉委員會：115年地方公職人員選舉候選人登記名冊,https://web.cec.gov.tw/central/article/64709,2026-09-07
宜蘭縣,縣市議員,宜蘭縣第8選舉區,林佩螢,民主進步黨,2026-09-03,,中央選舉委員會：115年地方公職人員選舉候選人登記名冊,https://web.cec.gov.tw/central/article/64709,2026-09-07
宜蘭縣,縣市議員,宜蘭縣第8選舉區,林峻輔,民主進步黨,2026-09-04,,中央選舉委員會：115年地方公職人員選舉候選人登記名冊,https://web.cec.gov.tw/central/article/64709,2026-09-07
宜蘭縣,縣市議員,宜蘭縣第9選舉區,黃賢能,無,2026-08-31,,中央選舉委員會：115年地方公職人員選舉候選人登記名冊,https://web.cec.gov.tw/central/article/64709,2026-09-07
宜蘭縣,縣市議員,宜蘭縣第9選舉區,游雅絢,民主進步黨,2026-09-02,,中央選舉委員會：115年地方公職人員選舉候選人登記名冊,https://web.cec.gov.tw/central/article/64709,2026-09-07
宜蘭縣,縣市議員,宜蘭縣第9選舉區,曾茂照,中國國民黨,2026-09-02,,中央選舉委員會：115年地方公職人員選舉候選人登記名冊,https://web.cec.gov.tw/central/article/64709,2026-09-07
宜蘭縣,縣市議員,宜蘭縣第9選舉區,江信賢,無,2026-09-02,,中央選舉委員會：115年地方公職人員選舉候選人登記名冊,https://web.cec.gov.tw/central/article/64709,2026-09-07
宜蘭縣,縣市議員,宜蘭縣第9選舉區,郭嘉呈,無,2026-09-03,,中央選舉委員會：115年地方公職人員選舉候選人登記名冊,https://web.cec.gov.tw/central/article/64709,2026-09-07
宜蘭縣,縣市議員,宜蘭縣第10選舉區,黃士駿,中國國民黨,2026-09-01,,中央選舉委員會：115年地方公職人員選舉候選人登記名冊,https://web.cec.gov.tw/central/article/64709,2026-09-07
宜蘭縣,縣市議員,宜蘭縣第10選舉區,李明哲,民主進步黨,2026-09-02,,中央選舉委員會：115年地方公職人員選舉候選人登記名冊,https://web.cec.gov.tw/central/article/64709,2026-09-07
宜蘭縣,縣市議員,宜蘭縣第10選舉區,陳玉萍,無,2026-09-03,,中央選舉委員會：115年地方公職人員選舉候選人登記名冊,https://web.cec.gov.tw/central/article/64709,2026-09-07
宜蘭縣,縣市議員,宜蘭縣第11選舉區,孫湯玉惠aly saku,無,2026-09-01,,中央選舉委員會：115年地方公職人員選舉候選人登記名冊,https://web.cec.gov.tw/central/article/64709,2026-09-07
宜蘭縣,縣市議員,宜蘭縣第12選舉區,沈志弘,中國國民黨,2026-09-02,,中央選舉委員會：115年地方公職人員選舉候選人登記名冊,https://web.cec.gov.tw/central/article/64709,2026-09-07
宜蘭縣,縣市議員,宜蘭縣第12選舉區,陳傑麟,親民黨,2026-09-03,,中央選舉委員會：115年地方公職人員選舉候選人登記名冊,https://web.cec.gov.tw/central/article/64709,2026-09-07
宜蘭縣,縣市議員,宜蘭縣第13選舉區,曹天民,無,2026-09-02,,中央選舉委員會：115年地方公職人員選舉候選人登記名冊,https://web.cec.gov.tw/central/article/64709,2026-09-07
宜蘭縣,縣市議員,宜蘭縣第13選舉區,李勝雄,中國國民黨,2026-09-03,,中央選舉委員會：115年地方公職人員選舉候選人登記名冊,https://web.cec.gov.tw/central/article/64709,2026-09-07
花蓮縣,縣市議員,花蓮縣第1選舉區,許願神,無,2026-08-31,,中央選舉委員會：115年地方公職人員選舉候選人登記名冊,https://web.cec.gov.tw/central/article/64709,2026-09-07
花蓮縣,縣市議員,花蓮縣第1選舉區,陳財能,無,2026-08-31,,中央選舉委員會：115年地方公職人員選舉候選人登記名冊,https://web.cec.gov.tw/central/article/64709,2026-09-07
花蓮縣,縣市議員,花蓮縣第1選舉區,謝國榮,無,2026-09-02,,中央選舉委員會：115年地方公職人員選舉候選人登記名冊,https://web.cec.gov.tw/central/article/64709,2026-09-07
花蓮縣,縣市議員,花蓮縣第1選舉區,徐子芳,中國國民黨,2026-09-02,,中央選舉委員會：115年地方公職人員選舉候選人登記名冊,https://web.cec.gov.tw/central/article/64709,2026-09-07
花蓮縣,縣市議員,花蓮縣第1選舉區,黃達祥,中國國民黨,2026-09-02,,中央選舉委員會：115年地方公職人員選舉候選人登記名冊,https://web.cec.gov.tw/central/article/64709,2026-09-07
花蓮縣,縣市議員,花蓮縣第1選舉區,江躍辰,無,2026-09-02,,中央選舉委員會：115年地方公職人員選舉候選人登記名冊,https://web.cec.gov.tw/central/article/64709,2026-09-07
花蓮縣,縣市議員,花蓮縣第1選舉區,林宗昆,中國國民黨,2026-09-02,,中央選舉委員會：115年地方公職人員選舉候選人登記名冊,https://web.cec.gov.tw/central/article/64709,2026-09-07
花蓮縣,縣市議員,花蓮縣第1選舉區,洪士閔,無,2026-09-02,,中央選舉委員會：115年地方公職人員選舉候選人登記名冊,https://web.cec.gov.tw/central/article/64709,2026-09-07
花蓮縣,縣市議員,花蓮縣第1選舉區,田珍綺,民主進步黨,2026-09-02,,中央選舉委員會：115年地方公職人員選舉候選人登記名冊,https://web.cec.gov.tw/central/article/64709,2026-09-07
花蓮縣,縣市議員,花蓮縣第1選舉區,謝豪杰,無,2026-09-03,,中央選舉委員會：115年地方公職人員選舉候選人登記名冊,https://web.cec.gov.tw/central/article/64709,2026-09-07
花蓮縣,縣市議員,花蓮縣第1選舉區,莊依婕,民主進步黨,2026-09-03,,中央選舉委員會：115年地方公職人員選舉候選人登記名冊,https://web.cec.gov.tw/central/article/64709,2026-09-07
花蓮縣,縣市議員,花蓮縣第1選舉區,傅國淵,無,2026-09-03,,中央選舉委員會：115年地方公職人員選舉候選人登記名冊,https://web.cec.gov.tw/central/article/64709,2026-09-07
花蓮縣,縣市議員,花蓮縣第1選舉區,胡仁順,民主進步黨,2026-09-03,,中央選舉委員會：115年地方公職人員選舉候選人登記名冊,https://web.cec.gov.tw/central/article/64709,2026-09-07
花蓮縣,縣市議員,花蓮縣第1選舉區,韓林梅,中國國民黨,2026-09-04,,中央選舉委員會：115年地方公職人員選舉候選人登記名冊,https://web.cec.gov.tw/central/article/64709,2026-09-07
花蓮縣,縣市議員,花蓮縣第1選舉區,蔡翼陽,台灣民眾黨,2026-09-04,,中央選舉委員會：115年地方公職人員選舉候選人登記名冊,https://web.cec.gov.tw/central/article/64709,2026-09-07
花蓮縣,縣市議員,花蓮縣第2選舉區,張美華,中國國民黨,2026-09-02,,中央選舉委員會：115年地方公職人員選舉候選人登記名冊,https://web.cec.gov.tw/central/article/64709,2026-09-07
花蓮縣,縣市議員,花蓮縣第2選舉區,鄭寶秀,無,2026-09-02,,中央選舉委員會：115年地方公職人員選舉候選人登記名冊,https://web.cec.gov.tw/central/article/64709,2026-09-07
花蓮縣,縣市議員,花蓮縣第3選舉區,劉靜文,無,2026-08-31,,中央選舉委員會：115年地方公職人員選舉候選人登記名冊,https://web.cec.gov.tw/central/article/64709,2026-09-07
花蓮縣,縣市議員,花蓮縣第3選舉區,張宸瑋,無,2026-09-02,,中央選舉委員會：115年地方公職人員選舉候選人登記名冊,https://web.cec.gov.tw/central/article/64709,2026-09-07
花蓮縣,縣市議員,花蓮縣第3選舉區,鄭乾龍,無,2026-09-02,,中央選舉委員會：115年地方公職人員選舉候選人登記名冊,https://web.cec.gov.tw/central/article/64709,2026-09-07
花蓮縣,縣市議員,花蓮縣第3選舉區,徐雪玉,中國國民黨,2026-09-02,,中央選舉委員會：115年地方公職人員選舉候選人登記名冊,https://web.cec.gov.tw/central/article/64709,2026-09-07
花蓮縣,縣市議員,花蓮縣第3選舉區,陳思伃,民主進步黨,2026-09-02,,中央選舉委員會：115年地方公職人員選舉候選人登記名冊,https://web.cec.gov.tw/central/article/64709,2026-09-07
花蓮縣,縣市議員,花蓮縣第3選舉區,黃宣寓,中國國民黨,2026-09-02,,中央選舉委員會：115年地方公職人員選舉候選人登記名冊,https://web.cec.gov.tw/central/article/64709,2026-09-07
花蓮縣,縣市議員,花蓮縣第3選舉區,彭建華,無,2026-09-02,,中央選舉委員會：115年地方公職人員選舉候選人登記名冊,https://web.cec.gov.tw/central/article/64709,2026-09-07
花蓮縣,縣市議員,花蓮縣第3選舉區,孟繁嘉,台灣基進,2026-09-02,,中央選舉委員會：115年地方公職人員選舉候選人登記名冊,https://web.cec.gov.tw/central/article/64709,2026-09-07
花蓮縣,縣市議員,花蓮縣第3選舉區,林則葹,民主進步黨,2026-09-03,,中央選舉委員會：115年地方公職人員選舉候選人登記名冊,https://web.cec.gov.tw/central/article/64709,2026-09-07
花蓮縣,縣市議員,花蓮縣第3選舉區,蘇文將,民主進步黨,2026-09-03,,中央選舉委員會：115年地方公職人員選舉候選人登記名冊,https://web.cec.gov.tw/central/article/64709,2026-09-07
花蓮縣,縣市議員,花蓮縣第3選舉區,楊悟空,無,2026-09-04,,中央選舉委員會：115年地方公職人員選舉候選人登記名冊,https://web.cec.gov.tw/central/article/64709,2026-09-07
花蓮縣,縣市議員,花蓮縣第3選舉區,姜景文,中國國民黨,2026-09-04,,中央選舉委員會：115年地方公職人員選舉候選人登記名冊,https://web.cec.gov.tw/central/article/64709,2026-09-07
花蓮縣,縣市議員,花蓮縣第3選舉區,吳建志,中國國民黨,2026-09-04,,中央選舉委員會：115年地方公職人員選舉候選人登記名冊,https://web.cec.gov.tw/central/article/64709,2026-09-07
花蓮縣,縣市議員,花蓮縣第3選舉區,蔡文隆,中國國民黨,2026-09-04,,中央選舉委員會：115年地方公職人員選舉候選人登記名冊,https://web.cec.gov.tw/central/article/64709,2026-09-07
花蓮縣,縣市議員,花蓮縣第4選舉區,鍾素政,中國國民黨,2026-09-03,,中央選舉委員會：115年地方公職人員選舉候選人登記名冊,https://web.cec.gov.tw/central/article/64709,2026-09-07
花蓮縣,縣市議員,花蓮縣第4選舉區,黃玲蘭,無,2026-09-03,,中央選舉委員會：115年地方公職人員選舉候選人登記名冊,https://web.cec.gov.tw/central/article/64709,2026-09-07
花蓮縣,縣市議員,花蓮縣第4選舉區,林宏熙,無,2026-09-03,,中央選舉委員會：115年地方公職人員選舉候選人登記名冊,https://web.cec.gov.tw/central/article/64709,2026-09-07
花蓮縣,縣市議員,花蓮縣第4選舉區,吳新文,中國國民黨,2026-09-03,,中央選舉委員會：115年地方公職人員選舉候選人登記名冊,https://web.cec.gov.tw/central/article/64709,2026-09-07
花蓮縣,縣市議員,花蓮縣第4選舉區,詹金富,中國國民黨,2026-09-04,,中央選舉委員會：115年地方公職人員選舉候選人登記名冊,https://web.cec.gov.tw/central/article/64709,2026-09-07
花蓮縣,縣市議員,花蓮縣第5選舉區,李正文,中國國民黨,2026-09-01,,中央選舉委員會：115年地方公職人員選舉候選人登記名冊,https://web.cec.gov.tw/central/article/64709,2026-09-07
花蓮縣,縣市議員,花蓮縣第5選舉區,笛布斯．顗賚,無,2026-09-02,,中央選舉委員會：115年地方公職人員選舉候選人登記名冊,https://web.cec.gov.tw/central/article/64709,2026-09-07
花蓮縣,縣市議員,花蓮縣第5選舉區,陳進德,中國國民黨,2026-09-02,,中央選舉委員會：115年地方公職人員選舉候選人登記名冊,https://web.cec.gov.tw/central/article/64709,2026-09-07
花蓮縣,縣市議員,花蓮縣第5選舉區,那莫 諾虎Namoh Nofu,無,2026-09-03,,中央選舉委員會：115年地方公職人員選舉候選人登記名冊,https://web.cec.gov.tw/central/article/64709,2026-09-07
花蓮縣,縣市議員,花蓮縣第5選舉區,周駿宥,無,2026-09-04,,中央選舉委員會：115年地方公職人員選舉候選人登記名冊,https://web.cec.gov.tw/central/article/64709,2026-09-07
花蓮縣,縣市議員,花蓮縣第6選舉區,邱福順Kacaw．Folaw,無,2026-08-31,,中央選舉委員會：115年地方公職人員選舉候選人登記名冊,https://web.cec.gov.tw/central/article/64709,2026-09-07
花蓮縣,縣市議員,花蓮縣第6選舉區,蔡依靜Lamen‧Panay,無,2026-09-03,,中央選舉委員會：115年地方公職人員選舉候選人登記名冊,https://web.cec.gov.tw/central/article/64709,2026-09-07
花蓮縣,縣市議員,花蓮縣第6選舉區,林正福,中國國民黨,2026-09-03,,中央選舉委員會：115年地方公職人員選舉候選人登記名冊,https://web.cec.gov.tw/central/article/64709,2026-09-07
花蓮縣,縣市議員,花蓮縣第6選舉區,萬中興,無,2026-09-03,,中央選舉委員會：115年地方公職人員選舉候選人登記名冊,https://web.cec.gov.tw/central/article/64709,2026-09-07
花蓮縣,縣市議員,花蓮縣第7選舉區,哈尼．噶照Hani Kacaw,無,2026-09-03,,中央選舉委員會：115年地方公職人員選舉候選人登記名冊,https://web.cec.gov.tw/central/article/64709,2026-09-07
花蓮縣,縣市議員,花蓮縣第7選舉區,秀吉．撒夫洛,中國國民黨,2026-09-03,,中央選舉委員會：115年地方公職人員選舉候選人登記名冊,https://web.cec.gov.tw/central/article/64709,2026-09-07
花蓮縣,縣市議員,花蓮縣第7選舉區,林玉芬,中國國民黨,2026-09-04,,中央選舉委員會：115年地方公職人員選舉候選人登記名冊,https://web.cec.gov.tw/central/article/64709,2026-09-07
花蓮縣,縣市議員,花蓮縣第8選舉區,王玫瑰SitangYuci,中國國民黨,2026-09-03,,中央選舉委員會：115年地方公職人員選舉候選人登記名冊,https://web.cec.gov.tw/central/article/64709,2026-09-07
花蓮縣,縣市議員,花蓮縣第8選舉區,王沈剛竹,中國國民黨,2026-09-03,,中央選舉委員會：115年地方公職人員選舉候選人登記名冊,https://web.cec.gov.tw/central/article/64709,2026-09-07
花蓮縣,縣市議員,花蓮縣第8選舉區,田韻馨,無,2026-09-03,,中央選舉委員會：115年地方公職人員選舉候選人登記名冊,https://web.cec.gov.tw/central/article/64709,2026-09-07
花蓮縣,縣市議員,花蓮縣第9選舉區,伊布．達納畢瑪Ibu·Tanapinma,無,2026-09-01,,中央選舉委員會：115年地方公職人員選舉候選人登記名冊,https://web.cec.gov.tw/central/article/64709,2026-09-07
花蓮縣,縣市議員,花蓮縣第9選舉區,陳群,中國國民黨,2026-09-03,,中央選舉委員會：115年地方公職人員選舉候選人登記名冊,https://web.cec.gov.tw/central/article/64709,2026-09-07
花蓮縣,縣市議員,花蓮縣第10選舉區,李忠祥,無,2026-08-31,,中央選舉委員會：115年地方公職人員選舉候選人登記名冊,https://web.cec.gov.tw/central/article/64709,2026-09-07
花蓮縣,縣市議員,花蓮縣第10選舉區,金淑敏,中國國民黨,2026-09-04,,中央選舉委員會：115年地方公職人員選舉候選人登記名冊,https://web.cec.gov.tw/central/article/64709,2026-09-07
臺東縣,縣市議員,臺東縣第1選舉區,傅文鵬,中國國民黨,2026-08-31,,中央選舉委員會：115年地方公職人員選舉候選人登記名冊,https://web.cec.gov.tw/central/article/64709,2026-09-07
臺東縣,縣市議員,臺東縣第1選舉區,林文隆,無,2026-09-01,,中央選舉委員會：115年地方公職人員選舉候選人登記名冊,https://web.cec.gov.tw/central/article/64709,2026-09-07
臺東縣,縣市議員,臺東縣第1選舉區,簡維國,民主進步黨,2026-09-01,,中央選舉委員會：115年地方公職人員選舉候選人登記名冊,https://web.cec.gov.tw/central/article/64709,2026-09-07
臺東縣,縣市議員,臺東縣第1選舉區,王文怡,無,2026-09-02,,中央選舉委員會：115年地方公職人員選舉候選人登記名冊,https://web.cec.gov.tw/central/article/64709,2026-09-07
臺東縣,縣市議員,臺東縣第1選舉區,陳炫諭,民主進步黨,2026-09-02,,中央選舉委員會：115年地方公職人員選舉候選人登記名冊,https://web.cec.gov.tw/central/article/64709,2026-09-07
臺東縣,縣市議員,臺東縣第1選舉區,林參天,無,2026-09-02,,中央選舉委員會：115年地方公職人員選舉候選人登記名冊,https://web.cec.gov.tw/central/article/64709,2026-09-07
臺東縣,縣市議員,臺東縣第1選舉區,王春梅,中國國民黨,2026-09-02,,中央選舉委員會：115年地方公職人員選舉候選人登記名冊,https://web.cec.gov.tw/central/article/64709,2026-09-07
臺東縣,縣市議員,臺東縣第1選舉區,陳允萍,無,2026-09-02,,中央選舉委員會：115年地方公職人員選舉候選人登記名冊,https://web.cec.gov.tw/central/article/64709,2026-09-07
臺東縣,縣市議員,臺東縣第1選舉區,吳景槐,中國國民黨,2026-09-02,,中央選舉委員會：115年地方公職人員選舉候選人登記名冊,https://web.cec.gov.tw/central/article/64709,2026-09-07
臺東縣,縣市議員,臺東縣第1選舉區,李哲,中國國民黨,2026-09-02,,中央選舉委員會：115年地方公職人員選舉候選人登記名冊,https://web.cec.gov.tw/central/article/64709,2026-09-07
臺東縣,縣市議員,臺東縣第1選舉區,張國洲,中國國民黨,2026-09-03,,中央選舉委員會：115年地方公職人員選舉候選人登記名冊,https://web.cec.gov.tw/central/article/64709,2026-09-07
臺東縣,縣市議員,臺東縣第1選舉區,江家榛,無,2026-09-03,,中央選舉委員會：115年地方公職人員選舉候選人登記名冊,https://web.cec.gov.tw/central/article/64709,2026-09-07
臺東縣,縣市議員,臺東縣第1選舉區,饒慶鈺,中國國民黨,2026-09-03,,中央選舉委員會：115年地方公職人員選舉候選人登記名冊,https://web.cec.gov.tw/central/article/64709,2026-09-07
臺東縣,縣市議員,臺東縣第1選舉區,黃治維,民主進步黨,2026-09-03,,中央選舉委員會：115年地方公職人員選舉候選人登記名冊,https://web.cec.gov.tw/central/article/64709,2026-09-07
臺東縣,縣市議員,臺東縣第1選舉區,潘頤頻,無,2026-09-04,,中央選舉委員會：115年地方公職人員選舉候選人登記名冊,https://web.cec.gov.tw/central/article/64709,2026-09-07
臺東縣,縣市議員,臺東縣第1選舉區,周達三,中國國民黨,2026-09-04,,中央選舉委員會：115年地方公職人員選舉候選人登記名冊,https://web.cec.gov.tw/central/article/64709,2026-09-07
臺東縣,縣市議員,臺東縣第1選舉區,吳佩珊,無,2026-09-04,,中央選舉委員會：115年地方公職人員選舉候選人登記名冊,https://web.cec.gov.tw/central/article/64709,2026-09-07
臺東縣,縣市議員,臺東縣第2選舉區,楊招信,中國國民黨,2026-09-02,,中央選舉委員會：115年地方公職人員選舉候選人登記名冊,https://web.cec.gov.tw/central/article/64709,2026-09-07
臺東縣,縣市議員,臺東縣第2選舉區,張家瑋,無,2026-09-03,,中央選舉委員會：115年地方公職人員選舉候選人登記名冊,https://web.cec.gov.tw/central/article/64709,2026-09-07
臺東縣,縣市議員,臺東縣第3選舉區,林東滿,中國國民黨,2026-09-02,,中央選舉委員會：115年地方公職人員選舉候選人登記名冊,https://web.cec.gov.tw/central/article/64709,2026-09-07
臺東縣,縣市議員,臺東縣第3選舉區,許進榮,無,2026-09-02,,中央選舉委員會：115年地方公職人員選舉候選人登記名冊,https://web.cec.gov.tw/central/article/64709,2026-09-07
臺東縣,縣市議員,臺東縣第3選舉區,鄭銘顯,中國國民黨,2026-09-02,,中央選舉委員會：115年地方公職人員選舉候選人登記名冊,https://web.cec.gov.tw/central/article/64709,2026-09-07
臺東縣,縣市議員,臺東縣第4選舉區,潘貴蘭,無,2026-09-01,,中央選舉委員會：115年地方公職人員選舉候選人登記名冊,https://web.cec.gov.tw/central/article/64709,2026-09-07
臺東縣,縣市議員,臺東縣第4選舉區,陳宏宗,中國國民黨,2026-09-03,,中央選舉委員會：115年地方公職人員選舉候選人登記名冊,https://web.cec.gov.tw/central/article/64709,2026-09-07
臺東縣,縣市議員,臺東縣第5選舉區,翁麗吟,中國國民黨,2026-09-02,,中央選舉委員會：115年地方公職人員選舉候選人登記名冊,https://web.cec.gov.tw/central/article/64709,2026-09-07
臺東縣,縣市議員,臺東縣第5選舉區,廖雙穎,中國國民黨,2026-09-04,,中央選舉委員會：115年地方公職人員選舉候選人登記名冊,https://web.cec.gov.tw/central/article/64709,2026-09-07
臺東縣,縣市議員,臺東縣第6選舉區,王益凱,中國國民黨,2026-09-02,,中央選舉委員會：115年地方公職人員選舉候選人登記名冊,https://web.cec.gov.tw/central/article/64709,2026-09-07
臺東縣,縣市議員,臺東縣第6選舉區,謝賢裕,中國國民黨,2026-09-03,,中央選舉委員會：115年地方公職人員選舉候選人登記名冊,https://web.cec.gov.tw/central/article/64709,2026-09-07
臺東縣,縣市議員,臺東縣第7選舉區,陳政宗,無,2026-08-31,,中央選舉委員會：115年地方公職人員選舉候選人登記名冊,https://web.cec.gov.tw/central/article/64709,2026-09-07
臺東縣,縣市議員,臺東縣第7選舉區,陽奇良,中國國民黨,2026-09-01,,中央選舉委員會：115年地方公職人員選舉候選人登記名冊,https://web.cec.gov.tw/central/article/64709,2026-09-07
臺東縣,縣市議員,臺東縣第7選舉區,陽昇宏,中國國民黨,2026-09-02,,中央選舉委員會：115年地方公職人員選舉候選人登記名冊,https://web.cec.gov.tw/central/article/64709,2026-09-07
臺東縣,縣市議員,臺東縣第7選舉區,方賢仁,中國國民黨,2026-09-03,,中央選舉委員會：115年地方公職人員選舉候選人登記名冊,https://web.cec.gov.tw/central/article/64709,2026-09-07
臺東縣,縣市議員,臺東縣第7選舉區,林琮翰,中國國民黨,2026-09-03,,中央選舉委員會：115年地方公職人員選舉候選人登記名冊,https://web.cec.gov.tw/central/article/64709,2026-09-07
臺東縣,縣市議員,臺東縣第7選舉區,林茂松,無,2026-09-04,,中央選舉委員會：115年地方公職人員選舉候選人登記名冊,https://web.cec.gov.tw/central/article/64709,2026-09-07
臺東縣,縣市議員,臺東縣第7選舉區,巫化‧巴阿立佑司,無,2026-09-04,,中央選舉委員會：115年地方公職人員選舉候選人登記名冊,https://web.cec.gov.tw/central/article/64709,2026-09-07
臺東縣,縣市議員,臺東縣第8選舉區,鄭崗山,中國國民黨,2026-09-02,,中央選舉委員會：115年地方公職人員選舉候選人登記名冊,https://web.cec.gov.tw/central/article/64709,2026-09-07
臺東縣,縣市議員,臺東縣第8選舉區,沙順恩,民主進步黨,2026-09-03,,中央選舉委員會：115年地方公職人員選舉候選人登記名冊,https://web.cec.gov.tw/central/article/64709,2026-09-07
臺東縣,縣市議員,臺東縣第9選舉區,羅春明,中國國民黨,2026-09-02,,中央選舉委員會：115年地方公職人員選舉候選人登記名冊,https://web.cec.gov.tw/central/article/64709,2026-09-07
臺東縣,縣市議員,臺東縣第9選舉區,尤忠正,中國國民黨,2026-09-03,,中央選舉委員會：115年地方公職人員選舉候選人登記名冊,https://web.cec.gov.tw/central/article/64709,2026-09-07
臺東縣,縣市議員,臺東縣第10選舉區,楊清順CinsunPawtawan,無,2026-09-02,,中央選舉委員會：115年地方公職人員選舉候選人登記名冊,https://web.cec.gov.tw/central/article/64709,2026-09-07
臺東縣,縣市議員,臺東縣第11選舉區,楊秋珍,中國國民黨,2026-09-02,,中央選舉委員會：115年地方公職人員選舉候選人登記名冊,https://web.cec.gov.tw/central/article/64709,2026-09-07
臺東縣,縣市議員,臺東縣第11選舉區,高美珠,無,2026-09-02,,中央選舉委員會：115年地方公職人員選舉候選人登記名冊,https://web.cec.gov.tw/central/article/64709,2026-09-07
臺東縣,縣市議員,臺東縣第11選舉區,武雪恩,無,2026-09-03,,中央選舉委員會：115年地方公職人員選舉候選人登記名冊,https://web.cec.gov.tw/central/article/64709,2026-09-07
臺東縣,縣市議員,臺東縣第12選舉區,邱文俊,中國國民黨,2026-09-01,,中央選舉委員會：115年地方公職人員選舉候選人登記名冊,https://web.cec.gov.tw/central/article/64709,2026-09-07
臺東縣,縣市議員,臺東縣第12選舉區,温源田,無,2026-09-02,,中央選舉委員會：115年地方公職人員選舉候選人登記名冊,https://web.cec.gov.tw/central/article/64709,2026-09-07
臺東縣,縣市議員,臺東縣第13選舉區,胡金至,中國國民黨,2026-09-01,,中央選舉委員會：115年地方公職人員選舉候選人登記名冊,https://web.cec.gov.tw/central/article/64709,2026-09-07
臺東縣,縣市議員,臺東縣第13選舉區,余桂花,無,2026-09-03,,中央選舉委員會：115年地方公職人員選舉候選人登記名冊,https://web.cec.gov.tw/central/article/64709,2026-09-07
臺東縣,縣市議員,臺東縣第13選舉區,余瑋廷KavasIspalidaz,無,2026-09-03,,中央選舉委員會：115年地方公職人員選舉候選人登記名冊,https://web.cec.gov.tw/central/article/64709,2026-09-07
臺東縣,縣市議員,臺東縣第13選舉區,胡淑貞,無,2026-09-03,,中央選舉委員會：115年地方公職人員選舉候選人登記名冊,https://web.cec.gov.tw/central/article/64709,2026-09-07
臺東縣,縣市議員,臺東縣第14選舉區,蔣爭光,中國國民黨,2026-09-03,,中央選舉委員會：115年地方公職人員選舉候選人登記名冊,https://web.cec.gov.tw/central/article/64709,2026-09-07
臺東縣,縣市議員,臺東縣第14選舉區,章正輝Lemaljiz‧Kusaza,中國國民黨,2026-09-03,,中央選舉委員會：115年地方公職人員選舉候選人登記名冊,https://web.cec.gov.tw/central/article/64709,2026-09-07
臺東縣,縣市議員,臺東縣第15選舉區,林芳如,中國國民黨,2026-09-03,,中央選舉委員會：115年地方公職人員選舉候選人登記名冊,https://web.cec.gov.tw/central/article/64709,2026-09-07
臺東縣,縣市議員,臺東縣第15選舉區,包惠玲,中國國民黨,2026-09-03,,中央選舉委員會：115年地方公職人員選舉候選人登記名冊,https://web.cec.gov.tw/central/article/64709,2026-09-07
臺東縣,縣市議員,臺東縣第16選舉區,董昌華,無,2026-09-02,,中央選舉委員會：115年地方公職人員選舉候選人登記名冊,https://web.cec.gov.tw/central/article/64709,2026-09-07
臺東縣,縣市議員,臺東縣第16選舉區,李奉祈,無,2026-09-02,,中央選舉委員會：115年地方公職人員選舉候選人登記名冊,https://web.cec.gov.tw/central/article/64709,2026-09-07
臺東縣,縣市議員,臺東縣第16選舉區,鍾文明,無,2026-09-04,,中央選舉委員會：115年地方公職人員選舉候選人登記名冊,https://web.cec.gov.tw/central/article/64709,2026-09-07
澎湖縣,縣市議員,澎湖縣第1選舉區,吳仁祥,無,2026-08-31,,中央選舉委員會：115年地方公職人員選舉候選人登記名冊,https://web.cec.gov.tw/central/article/64709,2026-09-07
澎湖縣,縣市議員,澎湖縣第1選舉區,顏家康,民主進步黨,2026-08-31,,中央選舉委員會：115年地方公職人員選舉候選人登記名冊,https://web.cec.gov.tw/central/article/64709,2026-09-07
澎湖縣,縣市議員,澎湖縣第1選舉區,蘇育德,民主進步黨,2026-08-31,,中央選舉委員會：115年地方公職人員選舉候選人登記名冊,https://web.cec.gov.tw/central/article/64709,2026-09-07
澎湖縣,縣市議員,澎湖縣第1選舉區,歐松林,無,2026-09-01,,中央選舉委員會：115年地方公職人員選舉候選人登記名冊,https://web.cec.gov.tw/central/article/64709,2026-09-07
澎湖縣,縣市議員,澎湖縣第1選舉區,林柏成,無,2026-09-01,,中央選舉委員會：115年地方公職人員選舉候選人登記名冊,https://web.cec.gov.tw/central/article/64709,2026-09-07
澎湖縣,縣市議員,澎湖縣第1選舉區,呂黃春金,民主進步黨,2026-09-02,,中央選舉委員會：115年地方公職人員選舉候選人登記名冊,https://web.cec.gov.tw/central/article/64709,2026-09-07
澎湖縣,縣市議員,澎湖縣第1選舉區,鄭清發,無,2026-09-02,,中央選舉委員會：115年地方公職人員選舉候選人登記名冊,https://web.cec.gov.tw/central/article/64709,2026-09-07
澎湖縣,縣市議員,澎湖縣第1選舉區,藍凱元,無,2026-09-02,,中央選舉委員會：115年地方公職人員選舉候選人登記名冊,https://web.cec.gov.tw/central/article/64709,2026-09-07
澎湖縣,縣市議員,澎湖縣第1選舉區,陳毓仁,中國國民黨,2026-09-02,,中央選舉委員會：115年地方公職人員選舉候選人登記名冊,https://web.cec.gov.tw/central/article/64709,2026-09-07
澎湖縣,縣市議員,澎湖縣第1選舉區,蘇陳綉色,無,2026-09-02,,中央選舉委員會：115年地方公職人員選舉候選人登記名冊,https://web.cec.gov.tw/central/article/64709,2026-09-07
澎湖縣,縣市議員,澎湖縣第1選舉區,許國政,中國國民黨,2026-09-02,,中央選舉委員會：115年地方公職人員選舉候選人登記名冊,https://web.cec.gov.tw/central/article/64709,2026-09-07
澎湖縣,縣市議員,澎湖縣第1選舉區,張惠雅,無,2026-09-02,,中央選舉委員會：115年地方公職人員選舉候選人登記名冊,https://web.cec.gov.tw/central/article/64709,2026-09-07
澎湖縣,縣市議員,澎湖縣第1選舉區,呂光宇,中國國民黨,2026-09-02,,中央選舉委員會：115年地方公職人員選舉候選人登記名冊,https://web.cec.gov.tw/central/article/64709,2026-09-07
澎湖縣,縣市議員,澎湖縣第1選舉區,陳海山,無,2026-09-03,,中央選舉委員會：115年地方公職人員選舉候選人登記名冊,https://web.cec.gov.tw/central/article/64709,2026-09-07
澎湖縣,縣市議員,澎湖縣第1選舉區,陳慧娟,無,2026-09-03,,中央選舉委員會：115年地方公職人員選舉候選人登記名冊,https://web.cec.gov.tw/central/article/64709,2026-09-07
澎湖縣,縣市議員,澎湖縣第1選舉區,陳偉澄,無,2026-09-03,,中央選舉委員會：115年地方公職人員選舉候選人登記名冊,https://web.cec.gov.tw/central/article/64709,2026-09-07
澎湖縣,縣市議員,澎湖縣第1選舉區,莊光大,無,2026-09-03,,中央選舉委員會：115年地方公職人員選舉候選人登記名冊,https://web.cec.gov.tw/central/article/64709,2026-09-07
澎湖縣,縣市議員,澎湖縣第1選舉區,胡正仁,無,2026-09-03,,中央選舉委員會：115年地方公職人員選舉候選人登記名冊,https://web.cec.gov.tw/central/article/64709,2026-09-07
澎湖縣,縣市議員,澎湖縣第1選舉區,莊國輝,台灣民眾黨,2026-09-04,,中央選舉委員會：115年地方公職人員選舉候選人登記名冊,https://web.cec.gov.tw/central/article/64709,2026-09-07
澎湖縣,縣市議員,澎湖縣第2選舉區,李麗美,無,2026-08-31,,中央選舉委員會：115年地方公職人員選舉候選人登記名冊,https://web.cec.gov.tw/central/article/64709,2026-09-07
澎湖縣,縣市議員,澎湖縣第2選舉區,蔡清續,民主進步黨,2026-08-31,,中央選舉委員會：115年地方公職人員選舉候選人登記名冊,https://web.cec.gov.tw/central/article/64709,2026-09-07
澎湖縣,縣市議員,澎湖縣第2選舉區,許育愷,無,2026-08-31,,中央選舉委員會：115年地方公職人員選舉候選人登記名冊,https://web.cec.gov.tw/central/article/64709,2026-09-07
澎湖縣,縣市議員,澎湖縣第2選舉區,吳政杰,無,2026-09-01,,中央選舉委員會：115年地方公職人員選舉候選人登記名冊,https://web.cec.gov.tw/central/article/64709,2026-09-07
澎湖縣,縣市議員,澎湖縣第2選舉區,廖璟華,無,2026-09-02,,中央選舉委員會：115年地方公職人員選舉候選人登記名冊,https://web.cec.gov.tw/central/article/64709,2026-09-07
澎湖縣,縣市議員,澎湖縣第3選舉區,許皆詳,無,2026-08-31,,中央選舉委員會：115年地方公職人員選舉候選人登記名冊,https://web.cec.gov.tw/central/article/64709,2026-09-07
澎湖縣,縣市議員,澎湖縣第3選舉區,宋昀芝,無,2026-09-02,,中央選舉委員會：115年地方公職人員選舉候選人登記名冊,https://web.cec.gov.tw/central/article/64709,2026-09-07
澎湖縣,縣市議員,澎湖縣第3選舉區,宋萬富,無,2026-09-02,,中央選舉委員會：115年地方公職人員選舉候選人登記名冊,https://web.cec.gov.tw/central/article/64709,2026-09-07
澎湖縣,縣市議員,澎湖縣第3選舉區,魏睿宏,無,2026-09-03,,中央選舉委員會：115年地方公職人員選舉候選人登記名冊,https://web.cec.gov.tw/central/article/64709,2026-09-07
澎湖縣,縣市議員,澎湖縣第4選舉區,許月里,無,2026-09-02,,中央選舉委員會：115年地方公職人員選舉候選人登記名冊,https://web.cec.gov.tw/central/article/64709,2026-09-07
澎湖縣,縣市議員,澎湖縣第4選舉區,李家萱,無,2026-09-02,,中央選舉委員會：115年地方公職人員選舉候選人登記名冊,https://web.cec.gov.tw/central/article/64709,2026-09-07
澎湖縣,縣市議員,澎湖縣第4選舉區,許嘉峻,無,2026-09-02,,中央選舉委員會：115年地方公職人員選舉候選人登記名冊,https://web.cec.gov.tw/central/article/64709,2026-09-07
澎湖縣,縣市議員,澎湖縣第5選舉區,陳佩真,無,2026-09-03,,中央選舉委員會：115年地方公職人員選舉候選人登記名冊,https://web.cec.gov.tw/central/article/64709,2026-09-07
澎湖縣,縣市議員,澎湖縣第5選舉區,黃榮焜,無,2026-09-04,,中央選舉委員會：115年地方公職人員選舉候選人登記名冊,https://web.cec.gov.tw/central/article/64709,2026-09-07
澎湖縣,縣市議員,澎湖縣第6選舉區,鄭淑卿,無,2026-09-01,,中央選舉委員會：115年地方公職人員選舉候選人登記名冊,https://web.cec.gov.tw/central/article/64709,2026-09-07
澎湖縣,縣市議員,澎湖縣第6選舉區,張仁和,無,2026-09-02,,中央選舉委員會：115年地方公職人員選舉候選人登記名冊,https://web.cec.gov.tw/central/article/64709,2026-09-07
澎湖縣,縣市議員,澎湖縣第6選舉區,夏晨榮,無,2026-09-03,,中央選舉委員會：115年地方公職人員選舉候選人登記名冊,https://web.cec.gov.tw/central/article/64709,2026-09-07
金門縣,縣市議員,金門縣第1選舉區,尚文凱,台灣民眾黨,2026-08-31,,中央選舉委員會：115年地方公職人員選舉候選人登記名冊,https://web.cec.gov.tw/central/article/64709,2026-09-07
金門縣,縣市議員,金門縣第1選舉區,戴德滿,新黨,2026-08-31,,中央選舉委員會：115年地方公職人員選舉候選人登記名冊,https://web.cec.gov.tw/central/article/64709,2026-09-07
金門縣,縣市議員,金門縣第1選舉區,許大鴻,無,2026-08-31,,中央選舉委員會：115年地方公職人員選舉候選人登記名冊,https://web.cec.gov.tw/central/article/64709,2026-09-07
金門縣,縣市議員,金門縣第1選舉區,董森堡,無,2026-09-01,,中央選舉委員會：115年地方公職人員選舉候選人登記名冊,https://web.cec.gov.tw/central/article/64709,2026-09-07
金門縣,縣市議員,金門縣第1選舉區,林鑫一,無,2026-09-01,,中央選舉委員會：115年地方公職人員選舉候選人登記名冊,https://web.cec.gov.tw/central/article/64709,2026-09-07
金門縣,縣市議員,金門縣第1選舉區,蔡其雍,民主進步黨,2026-09-01,,中央選舉委員會：115年地方公職人員選舉候選人登記名冊,https://web.cec.gov.tw/central/article/64709,2026-09-07
金門縣,縣市議員,金門縣第1選舉區,倪于媃,中國國民黨,2026-09-02,,中央選舉委員會：115年地方公職人員選舉候選人登記名冊,https://web.cec.gov.tw/central/article/64709,2026-09-07
金門縣,縣市議員,金門縣第1選舉區,董家瑋,中國國民黨,2026-09-02,,中央選舉委員會：115年地方公職人員選舉候選人登記名冊,https://web.cec.gov.tw/central/article/64709,2026-09-07
金門縣,縣市議員,金門縣第1選舉區,石永城,無,2026-09-02,,中央選舉委員會：115年地方公職人員選舉候選人登記名冊,https://web.cec.gov.tw/central/article/64709,2026-09-07
金門縣,縣市議員,金門縣第1選舉區,許玉仙,無,2026-09-02,,中央選舉委員會：115年地方公職人員選舉候選人登記名冊,https://web.cec.gov.tw/central/article/64709,2026-09-07
金門縣,縣市議員,金門縣第1選舉區,楊霈璿,台灣民眾黨,2026-09-02,,中央選舉委員會：115年地方公職人員選舉候選人登記名冊,https://web.cec.gov.tw/central/article/64709,2026-09-07
金門縣,縣市議員,金門縣第1選舉區,洪允典,中國國民黨,2026-09-02,,中央選舉委員會：115年地方公職人員選舉候選人登記名冊,https://web.cec.gov.tw/central/article/64709,2026-09-07
金門縣,縣市議員,金門縣第1選舉區,莊勝騏,無,2026-09-02,,中央選舉委員會：115年地方公職人員選舉候選人登記名冊,https://web.cec.gov.tw/central/article/64709,2026-09-07
金門縣,縣市議員,金門縣第1選舉區,李慧艷,無,2026-09-03,,中央選舉委員會：115年地方公職人員選舉候選人登記名冊,https://web.cec.gov.tw/central/article/64709,2026-09-07
金門縣,縣市議員,金門縣第1選舉區,黃世丞,無,2026-09-03,,中央選舉委員會：115年地方公職人員選舉候選人登記名冊,https://web.cec.gov.tw/central/article/64709,2026-09-07
金門縣,縣市議員,金門縣第1選舉區,楊忠俊,無,2026-09-03,,中央選舉委員會：115年地方公職人員選舉候選人登記名冊,https://web.cec.gov.tw/central/article/64709,2026-09-07
金門縣,縣市議員,金門縣第1選舉區,唐麗輝,無,2026-09-03,,中央選舉委員會：115年地方公職人員選舉候選人登記名冊,https://web.cec.gov.tw/central/article/64709,2026-09-07
金門縣,縣市議員,金門縣第1選舉區,陳泱瑚,無,2026-09-03,,中央選舉委員會：115年地方公職人員選舉候選人登記名冊,https://web.cec.gov.tw/central/article/64709,2026-09-07
金門縣,縣市議員,金門縣第1選舉區,陳子芸,中國國民黨,2026-09-03,,中央選舉委員會：115年地方公職人員選舉候選人登記名冊,https://web.cec.gov.tw/central/article/64709,2026-09-07
金門縣,縣市議員,金門縣第1選舉區,傅蒼松,無,2026-09-04,,中央選舉委員會：115年地方公職人員選舉候選人登記名冊,https://web.cec.gov.tw/central/article/64709,2026-09-07
金門縣,縣市議員,金門縣第2選舉區,周子傑,中國國民黨,2026-09-02,,中央選舉委員會：115年地方公職人員選舉候選人登記名冊,https://web.cec.gov.tw/central/article/64709,2026-09-07
金門縣,縣市議員,金門縣第2選舉區,李應文,無,2026-09-02,,中央選舉委員會：115年地方公職人員選舉候選人登記名冊,https://web.cec.gov.tw/central/article/64709,2026-09-07
金門縣,縣市議員,金門縣第2選舉區,王秀玉,中國國民黨,2026-09-02,,中央選舉委員會：115年地方公職人員選舉候選人登記名冊,https://web.cec.gov.tw/central/article/64709,2026-09-07
金門縣,縣市議員,金門縣第2選舉區,王國代,中國國民黨,2026-09-02,,中央選舉委員會：115年地方公職人員選舉候選人登記名冊,https://web.cec.gov.tw/central/article/64709,2026-09-07
金門縣,縣市議員,金門縣第2選舉區,李文益,無,2026-09-02,,中央選舉委員會：115年地方公職人員選舉候選人登記名冊,https://web.cec.gov.tw/central/article/64709,2026-09-07
金門縣,縣市議員,金門縣第2選舉區,陳麒翔,無,2026-09-02,,中央選舉委員會：115年地方公職人員選舉候選人登記名冊,https://web.cec.gov.tw/central/article/64709,2026-09-07
金門縣,縣市議員,金門縣第2選舉區,吳佩雯,無,2026-09-02,,中央選舉委員會：115年地方公職人員選舉候選人登記名冊,https://web.cec.gov.tw/central/article/64709,2026-09-07
金門縣,縣市議員,金門縣第2選舉區,蔡水游,無,2026-09-03,,中央選舉委員會：115年地方公職人員選舉候選人登記名冊,https://web.cec.gov.tw/central/article/64709,2026-09-07
金門縣,縣市議員,金門縣第2選舉區,黃萱萱,無,2026-09-03,,中央選舉委員會：115年地方公職人員選舉候選人登記名冊,https://web.cec.gov.tw/central/article/64709,2026-09-07
金門縣,縣市議員,金門縣第2選舉區,楊育菡,無,2026-09-04,,中央選舉委員會：115年地方公職人員選舉候選人登記名冊,https://web.cec.gov.tw/central/article/64709,2026-09-07
金門縣,縣市議員,金門縣第2選舉區,陳錦偉,無,2026-09-04,,中央選舉委員會：115年地方公職人員選舉候選人登記名冊,https://web.cec.gov.tw/central/article/64709,2026-09-07
金門縣,縣市議員,金門縣第3選舉區,洪長享,無,2026-08-31,,中央選舉委員會：115年地方公職人員選舉候選人登記名冊,https://web.cec.gov.tw/central/article/64709,2026-09-07
金門縣,縣市議員,金門縣第3選舉區,洪毓壕,無,2026-09-03,,中央選舉委員會：115年地方公職人員選舉候選人登記名冊,https://web.cec.gov.tw/central/article/64709,2026-09-07
金門縣,縣市議員,金門縣第3選舉區,洪若珊,無,2026-09-03,,中央選舉委員會：115年地方公職人員選舉候選人登記名冊,https://web.cec.gov.tw/central/article/64709,2026-09-07
金門縣,縣市議員,金門縣第3選舉區,洪和興,無,2026-09-03,,中央選舉委員會：115年地方公職人員選舉候選人登記名冊,https://web.cec.gov.tw/central/article/64709,2026-09-07
連江縣,縣市議員,連江縣第1選舉區,曹丞君,中國國民黨,2026-09-01,,中央選舉委員會：115年地方公職人員選舉候選人登記名冊,https://web.cec.gov.tw/central/article/64709,2026-09-07
連江縣,縣市議員,連江縣第1選舉區,吳軾子,更生黨,2026-09-01,,中央選舉委員會：115年地方公職人員選舉候選人登記名冊,https://web.cec.gov.tw/central/article/64709,2026-09-07
連江縣,縣市議員,連江縣第1選舉區,曹以標,無,2026-09-01,,中央選舉委員會：115年地方公職人員選舉候選人登記名冊,https://web.cec.gov.tw/central/article/64709,2026-09-07
連江縣,縣市議員,連江縣第1選舉區,林惠萍,無,2026-09-01,,中央選舉委員會：115年地方公職人員選舉候選人登記名冊,https://web.cec.gov.tw/central/article/64709,2026-09-07
連江縣,縣市議員,連江縣第1選舉區,曹爾章,無,2026-09-01,,中央選舉委員會：115年地方公職人員選舉候選人登記名冊,https://web.cec.gov.tw/central/article/64709,2026-09-07
連江縣,縣市議員,連江縣第1選舉區,陳書建,中國國民黨,2026-09-03,,中央選舉委員會：115年地方公職人員選舉候選人登記名冊,https://web.cec.gov.tw/central/article/64709,2026-09-07
連江縣,縣市議員,連江縣第1選舉區,林明揚,中國國民黨,2026-09-04,,中央選舉委員會：115年地方公職人員選舉候選人登記名冊,https://web.cec.gov.tw/central/article/64709,2026-09-07
連江縣,縣市議員,連江縣第2選舉區,陳玉發,中國國民黨,2026-09-02,,中央選舉委員會：115年地方公職人員選舉候選人登記名冊,https://web.cec.gov.tw/central/article/64709,2026-09-07
連江縣,縣市議員,連江縣第2選舉區,周瑞國,中國國民黨,2026-09-02,,中央選舉委員會：115年地方公職人員選舉候選人登記名冊,https://web.cec.gov.tw/central/article/64709,2026-09-07
連江縣,縣市議員,連江縣第2選舉區,謝秉軒,無,2026-09-04,,中央選舉委員會：115年地方公職人員選舉候選人登記名冊,https://web.cec.gov.tw/central/article/64709,2026-09-07
連江縣,縣市議員,連江縣第3選舉區,王孝榛,無,2026-09-02,,中央選舉委員會：115年地方公職人員選舉候選人登記名冊,https://web.cec.gov.tw/central/article/64709,2026-09-07
連江縣,縣市議員,連江縣第3選舉區,陳貽斌,中國國民黨,2026-09-03,,中央選舉委員會：115年地方公職人員選舉候選人登記名冊,https://web.cec.gov.tw/central/article/64709,2026-09-07
連江縣,縣市議員,連江縣第4選舉區,林德建,中國國民黨,2026-09-03,,中央選舉委員會：115年地方公職人員選舉候選人登記名冊,https://web.cec.gov.tw/central/article/64709,2026-09-07
連江縣,縣市議員,連江縣第4選舉區,馮印才,無,2026-09-04,,中央選舉委員會：115年地方公職人員選舉候選人登記名冊,https://web.cec.gov.tw/central/article/64709,2026-09-07
基隆市,縣市議員,基隆市第1選舉區,藍敏煌,中國國民黨,2026-09-01,,中央選舉委員會：115年地方公職人員選舉候選人登記名冊,https://web.cec.gov.tw/central/article/64709,2026-09-07
基隆市,縣市議員,基隆市第1選舉區,林孟泓,無,2026-09-02,,中央選舉委員會：115年地方公職人員選舉候選人登記名冊,https://web.cec.gov.tw/central/article/64709,2026-09-07
基隆市,縣市議員,基隆市第1選舉區,呂美玲,中國國民黨,2026-09-02,,中央選舉委員會：115年地方公職人員選舉候選人登記名冊,https://web.cec.gov.tw/central/article/64709,2026-09-07
基隆市,縣市議員,基隆市第1選舉區,林廷翰,台灣民眾黨,2026-09-02,,中央選舉委員會：115年地方公職人員選舉候選人登記名冊,https://web.cec.gov.tw/central/article/64709,2026-09-07
基隆市,縣市議員,基隆市第1選舉區,張文彬,無,2026-09-03,,中央選舉委員會：115年地方公職人員選舉候選人登記名冊,https://web.cec.gov.tw/central/article/64709,2026-09-07
基隆市,縣市議員,基隆市第1選舉區,黃紀仁,民主進步黨,2026-09-03,,中央選舉委員會：115年地方公職人員選舉候選人登記名冊,https://web.cec.gov.tw/central/article/64709,2026-09-07
基隆市,縣市議員,基隆市第1選舉區,王珍玨,無,2026-09-03,,中央選舉委員會：115年地方公職人員選舉候選人登記名冊,https://web.cec.gov.tw/central/article/64709,2026-09-07
基隆市,縣市議員,基隆市第1選舉區,江清容,民主進步黨,2026-09-03,,中央選舉委員會：115年地方公職人員選舉候選人登記名冊,https://web.cec.gov.tw/central/article/64709,2026-09-07
基隆市,縣市議員,基隆市第2選舉區,李嘉濠,無,2026-08-31,,中央選舉委員會：115年地方公職人員選舉候選人登記名冊,https://web.cec.gov.tw/central/article/64709,2026-09-07
基隆市,縣市議員,基隆市第2選舉區,何淑萍,中國國民黨,2026-09-02,,中央選舉委員會：115年地方公職人員選舉候選人登記名冊,https://web.cec.gov.tw/central/article/64709,2026-09-07
基隆市,縣市議員,基隆市第2選舉區,韓世昱,中國國民黨,2026-09-02,,中央選舉委員會：115年地方公職人員選舉候選人登記名冊,https://web.cec.gov.tw/central/article/64709,2026-09-07
基隆市,縣市議員,基隆市第2選舉區,李程祥,無,2026-09-02,,中央選舉委員會：115年地方公職人員選舉候選人登記名冊,https://web.cec.gov.tw/central/article/64709,2026-09-07
基隆市,縣市議員,基隆市第2選舉區,黃申棟,台灣民眾黨,2026-09-02,,中央選舉委員會：115年地方公職人員選舉候選人登記名冊,https://web.cec.gov.tw/central/article/64709,2026-09-07
基隆市,縣市議員,基隆市第2選舉區,鄭素禎,親民黨,2026-09-02,,中央選舉委員會：115年地方公職人員選舉候選人登記名冊,https://web.cec.gov.tw/central/article/64709,2026-09-07
基隆市,縣市議員,基隆市第2選舉區,陳軍佐,民主進步黨,2026-09-03,,中央選舉委員會：115年地方公職人員選舉候選人登記名冊,https://web.cec.gov.tw/central/article/64709,2026-09-07
基隆市,縣市議員,基隆市第2選舉區,陳宜,民主進步黨,2026-09-03,,中央選舉委員會：115年地方公職人員選舉候選人登記名冊,https://web.cec.gov.tw/central/article/64709,2026-09-07
基隆市,縣市議員,基隆市第2選舉區,林廷奕,無,2026-09-04,,中央選舉委員會：115年地方公職人員選舉候選人登記名冊,https://web.cec.gov.tw/central/article/64709,2026-09-07
基隆市,縣市議員,基隆市第3選舉區,林杏潔,無,2026-09-01,,中央選舉委員會：115年地方公職人員選舉候選人登記名冊,https://web.cec.gov.tw/central/article/64709,2026-09-07
基隆市,縣市議員,基隆市第3選舉區,曾維祥,中國國民黨,2026-09-02,,中央選舉委員會：115年地方公職人員選舉候選人登記名冊,https://web.cec.gov.tw/central/article/64709,2026-09-07
基隆市,縣市議員,基隆市第3選舉區,張芳麗,無,2026-09-02,,中央選舉委員會：115年地方公職人員選舉候選人登記名冊,https://web.cec.gov.tw/central/article/64709,2026-09-07
基隆市,縣市議員,基隆市第3選舉區,鄭文婷,民主進步黨,2026-09-03,,中央選舉委員會：115年地方公職人員選舉候選人登記名冊,https://web.cec.gov.tw/central/article/64709,2026-09-07
基隆市,縣市議員,基隆市第3選舉區,莊傑宇,無,2026-09-04,,中央選舉委員會：115年地方公職人員選舉候選人登記名冊,https://web.cec.gov.tw/central/article/64709,2026-09-07
基隆市,縣市議員,基隆市第4選舉區,李昀靜,無,2026-09-01,,中央選舉委員會：115年地方公職人員選舉候選人登記名冊,https://web.cec.gov.tw/central/article/64709,2026-09-07
基隆市,縣市議員,基隆市第4選舉區,莊敬聖,無,2026-09-02,,中央選舉委員會：115年地方公職人員選舉候選人登記名冊,https://web.cec.gov.tw/central/article/64709,2026-09-07
基隆市,縣市議員,基隆市第4選舉區,林祐德,中國國民黨,2026-09-02,,中央選舉委員會：115年地方公職人員選舉候選人登記名冊,https://web.cec.gov.tw/central/article/64709,2026-09-07
基隆市,縣市議員,基隆市第4選舉區,施偉政,民主進步黨,2026-09-02,,中央選舉委員會：115年地方公職人員選舉候選人登記名冊,https://web.cec.gov.tw/central/article/64709,2026-09-07
基隆市,縣市議員,基隆市第4選舉區,呂承祐,台灣民眾黨,2026-09-02,,中央選舉委員會：115年地方公職人員選舉候選人登記名冊,https://web.cec.gov.tw/central/article/64709,2026-09-07
基隆市,縣市議員,基隆市第4選舉區,許孟修,無,2026-09-03,,中央選舉委員會：115年地方公職人員選舉候選人登記名冊,https://web.cec.gov.tw/central/article/64709,2026-09-07
基隆市,縣市議員,基隆市第4選舉區,吳巧瀅,民主進步黨,2026-09-03,,中央選舉委員會：115年地方公職人員選舉候選人登記名冊,https://web.cec.gov.tw/central/article/64709,2026-09-07
基隆市,縣市議員,基隆市第4選舉區,宋瑋莉,中國國民黨,2026-09-03,,中央選舉委員會：115年地方公職人員選舉候選人登記名冊,https://web.cec.gov.tw/central/article/64709,2026-09-07
基隆市,縣市議員,基隆市第4選舉區,郭美秀,中國國民黨,2026-09-04,,中央選舉委員會：115年地方公職人員選舉候選人登記名冊,https://web.cec.gov.tw/central/article/64709,2026-09-07
基隆市,縣市議員,基隆市第5選舉區,張家馨,中國國民黨,2026-09-01,,中央選舉委員會：115年地方公職人員選舉候選人登記名冊,https://web.cec.gov.tw/central/article/64709,2026-09-07
基隆市,縣市議員,基隆市第5選舉區,黃永翔,無,2026-09-02,,中央選舉委員會：115年地方公職人員選舉候選人登記名冊,https://web.cec.gov.tw/central/article/64709,2026-09-07
基隆市,縣市議員,基隆市第5選舉區,俞叁發,中國國民黨,2026-09-02,,中央選舉委員會：115年地方公職人員選舉候選人登記名冊,https://web.cec.gov.tw/central/article/64709,2026-09-07
基隆市,縣市議員,基隆市第5選舉區,秦鉦,中國國民黨,2026-09-02,,中央選舉委員會：115年地方公職人員選舉候選人登記名冊,https://web.cec.gov.tw/central/article/64709,2026-09-07
基隆市,縣市議員,基隆市第5選舉區,黃忠賢,無,2026-09-02,,中央選舉委員會：115年地方公職人員選舉候選人登記名冊,https://web.cec.gov.tw/central/article/64709,2026-09-07
基隆市,縣市議員,基隆市第5選舉區,吳程澤,台灣基進,2026-09-02,,中央選舉委員會：115年地方公職人員選舉候選人登記名冊,https://web.cec.gov.tw/central/article/64709,2026-09-07
基隆市,縣市議員,基隆市第5選舉區,李文耀,台灣民眾黨,2026-09-02,,中央選舉委員會：115年地方公職人員選舉候選人登記名冊,https://web.cec.gov.tw/central/article/64709,2026-09-07
基隆市,縣市議員,基隆市第5選舉區,黃舒琳,親民黨,2026-09-02,,中央選舉委員會：115年地方公職人員選舉候選人登記名冊,https://web.cec.gov.tw/central/article/64709,2026-09-07
基隆市,縣市議員,基隆市第5選舉區,張之豪,民主進步黨,2026-09-03,,中央選舉委員會：115年地方公職人員選舉候選人登記名冊,https://web.cec.gov.tw/central/article/64709,2026-09-07
基隆市,縣市議員,基隆市第5選舉區,鄭愷玲,中國國民黨,2026-09-04,,中央選舉委員會：115年地方公職人員選舉候選人登記名冊,https://web.cec.gov.tw/central/article/64709,2026-09-07
基隆市,縣市議員,基隆市第5選舉區,吳驊珈,民主進步黨,2026-09-04,,中央選舉委員會：115年地方公職人員選舉候選人登記名冊,https://web.cec.gov.tw/central/article/64709,2026-09-07
基隆市,縣市議員,基隆市第5選舉區,劉韋巡,民主進步黨,2026-09-04,,中央選舉委員會：115年地方公職人員選舉候選人登記名冊,https://web.cec.gov.tw/central/article/64709,2026-09-07
基隆市,縣市議員,基隆市第6選舉區,莫璦緁,台灣進步黨,2026-08-31,,中央選舉委員會：115年地方公職人員選舉候選人登記名冊,https://web.cec.gov.tw/central/article/64709,2026-09-07
基隆市,縣市議員,基隆市第6選舉區,連恩典,中國國民黨,2026-09-02,,中央選舉委員會：115年地方公職人員選舉候選人登記名冊,https://web.cec.gov.tw/central/article/64709,2026-09-07
基隆市,縣市議員,基隆市第6選舉區,蔡長宏,無,2026-09-03,,中央選舉委員會：115年地方公職人員選舉候選人登記名冊,https://web.cec.gov.tw/central/article/64709,2026-09-07
基隆市,縣市議員,基隆市第6選舉區,陳冠羽,無,2026-09-04,,中央選舉委員會：115年地方公職人員選舉候選人登記名冊,https://web.cec.gov.tw/central/article/64709,2026-09-07
基隆市,縣市議員,基隆市第6選舉區,朱書昕,民主進步黨,2026-09-04,,中央選舉委員會：115年地方公職人員選舉候選人登記名冊,https://web.cec.gov.tw/central/article/64709,2026-09-07
基隆市,縣市議員,基隆市第7選舉區,蔡旺璉,中國國民黨,2026-09-02,,中央選舉委員會：115年地方公職人員選舉候選人登記名冊,https://web.cec.gov.tw/central/article/64709,2026-09-07
基隆市,縣市議員,基隆市第7選舉區,楊秀玉,親民黨,2026-09-02,,中央選舉委員會：115年地方公職人員選舉候選人登記名冊,https://web.cec.gov.tw/central/article/64709,2026-09-07
基隆市,縣市議員,基隆市第7選舉區,陳安淇,無,2026-09-03,,中央選舉委員會：115年地方公職人員選舉候選人登記名冊,https://web.cec.gov.tw/central/article/64709,2026-09-07
基隆市,縣市議員,基隆市第7選舉區,曾怡芳,民主進步黨,2026-09-03,,中央選舉委員會：115年地方公職人員選舉候選人登記名冊,https://web.cec.gov.tw/central/article/64709,2026-09-07
基隆市,縣市議員,基隆市第7選舉區,張耿輝,無,2026-09-03,,中央選舉委員會：115年地方公職人員選舉候選人登記名冊,https://web.cec.gov.tw/central/article/64709,2026-09-07
基隆市,縣市議員,基隆市第7選舉區,戴璟安,無,2026-09-04,,中央選舉委員會：115年地方公職人員選舉候選人登記名冊,https://web.cec.gov.tw/central/article/64709,2026-09-07
基隆市,縣市議員,基隆市第8選舉區,陳明建,無,2026-09-03,,中央選舉委員會：115年地方公職人員選舉候選人登記名冊,https://web.cec.gov.tw/central/article/64709,2026-09-07
基隆市,縣市議員,基隆市第8選舉區,拔耐．茹妮老王,無,2026-09-04,,中央選舉委員會：115年地方公職人員選舉候選人登記名冊,https://web.cec.gov.tw/central/article/64709,2026-09-07
基隆市,縣市議員,基隆市第9選舉區,高願孝,民主進步黨,2026-09-01,,中央選舉委員會：115年地方公職人員選舉候選人登記名冊,https://web.cec.gov.tw/central/article/64709,2026-09-07
基隆市,縣市議員,基隆市第9選舉區,徐馬政妘,無,2026-09-02,,中央選舉委員會：115年地方公職人員選舉候選人登記名冊,https://web.cec.gov.tw/central/article/64709,2026-09-07
基隆市,縣市議員,基隆市第9選舉區,林崇道Motu Quyat,無,2026-09-03,,中央選舉委員會：115年地方公職人員選舉候選人登記名冊,https://web.cec.gov.tw/central/article/64709,2026-09-07
基隆市,縣市議員,基隆市第9選舉區,高李茂俊,無,2026-09-04,,中央選舉委員會：115年地方公職人員選舉候選人登記名冊,https://web.cec.gov.tw/central/article/64709,2026-09-07
新竹市,縣市議員,新竹市第1選舉區,黃文政,無,2026-08-31,,中央選舉委員會：115年地方公職人員選舉候選人登記名冊,https://web.cec.gov.tw/central/article/64709,2026-09-07
新竹市,縣市議員,新竹市第1選舉區,劉崇顯,無,2026-08-31,,中央選舉委員會：115年地方公職人員選舉候選人登記名冊,https://web.cec.gov.tw/central/article/64709,2026-09-07
新竹市,縣市議員,新竹市第1選舉區,劉詳樽,無,2026-08-31,,中央選舉委員會：115年地方公職人員選舉候選人登記名冊,https://web.cec.gov.tw/central/article/64709,2026-09-07
新竹市,縣市議員,新竹市第1選舉區,張文興,中國國民黨,2026-09-02,,中央選舉委員會：115年地方公職人員選舉候選人登記名冊,https://web.cec.gov.tw/central/article/64709,2026-09-07
新竹市,縣市議員,新竹市第1選舉區,李國璋,台灣民眾黨,2026-09-02,,中央選舉委員會：115年地方公職人員選舉候選人登記名冊,https://web.cec.gov.tw/central/article/64709,2026-09-07
新竹市,縣市議員,新竹市第1選舉區,宋品瑩,台灣民眾黨,2026-09-02,,中央選舉委員會：115年地方公職人員選舉候選人登記名冊,https://web.cec.gov.tw/central/article/64709,2026-09-07
新竹市,縣市議員,新竹市第1選舉區,劉彥伶,民主進步黨,2026-09-02,,中央選舉委員會：115年地方公職人員選舉候選人登記名冊,https://web.cec.gov.tw/central/article/64709,2026-09-07
新竹市,縣市議員,新竹市第1選舉區,張祖琰,中國國民黨,2026-09-02,,中央選舉委員會：115年地方公職人員選舉候選人登記名冊,https://web.cec.gov.tw/central/article/64709,2026-09-07
新竹市,縣市議員,新竹市第1選舉區,樊一嶢,中國國民黨,2026-09-02,,中央選舉委員會：115年地方公職人員選舉候選人登記名冊,https://web.cec.gov.tw/central/article/64709,2026-09-07
新竹市,縣市議員,新竹市第1選舉區,鄭宏輝,民主進步黨,2026-09-03,,中央選舉委員會：115年地方公職人員選舉候選人登記名冊,https://web.cec.gov.tw/central/article/64709,2026-09-07
新竹市,縣市議員,新竹市第1選舉區,許登淇,無,2026-09-03,,中央選舉委員會：115年地方公職人員選舉候選人登記名冊,https://web.cec.gov.tw/central/article/64709,2026-09-07
新竹市,縣市議員,新竹市第1選舉區,曾翰揚,民主進步黨,2026-09-03,,中央選舉委員會：115年地方公職人員選舉候選人登記名冊,https://web.cec.gov.tw/central/article/64709,2026-09-07
新竹市,縣市議員,新竹市第1選舉區,鄭美娟,民主進步黨,2026-09-03,,中央選舉委員會：115年地方公職人員選舉候選人登記名冊,https://web.cec.gov.tw/central/article/64709,2026-09-07
新竹市,縣市議員,新竹市第1選舉區,蔡惠婷,時代力量,2026-09-03,,中央選舉委員會：115年地方公職人員選舉候選人登記名冊,https://web.cec.gov.tw/central/article/64709,2026-09-07
新竹市,縣市議員,新竹市第1選舉區,林妤芬,無,2026-09-03,,中央選舉委員會：115年地方公職人員選舉候選人登記名冊,https://web.cec.gov.tw/central/article/64709,2026-09-07
新竹市,縣市議員,新竹市第1選舉區,陳清智,中國國民黨,2026-09-03,,中央選舉委員會：115年地方公職人員選舉候選人登記名冊,https://web.cec.gov.tw/central/article/64709,2026-09-07
新竹市,縣市議員,新竹市第1選舉區,錢康明,無,2026-09-04,,中央選舉委員會：115年地方公職人員選舉候選人登記名冊,https://web.cec.gov.tw/central/article/64709,2026-09-07
新竹市,縣市議員,新竹市第1選舉區,陳珍裕,無,2026-09-04,,中央選舉委員會：115年地方公職人員選舉候選人登記名冊,https://web.cec.gov.tw/central/article/64709,2026-09-07
新竹市,縣市議員,新竹市第1選舉區,鍾淑英,中國國民黨,2026-09-04,,中央選舉委員會：115年地方公職人員選舉候選人登記名冊,https://web.cec.gov.tw/central/article/64709,2026-09-07
新竹市,縣市議員,新竹市第2選舉區,施乃如,民主進步黨,2026-08-31,,中央選舉委員會：115年地方公職人員選舉候選人登記名冊,https://web.cec.gov.tw/central/article/64709,2026-09-07
新竹市,縣市議員,新竹市第2選舉區,李玫,台灣民眾黨,2026-09-02,,中央選舉委員會：115年地方公職人員選舉候選人登記名冊,https://web.cec.gov.tw/central/article/64709,2026-09-07
新竹市,縣市議員,新竹市第2選舉區,陳鶴文,無,2026-09-02,,中央選舉委員會：115年地方公職人員選舉候選人登記名冊,https://web.cec.gov.tw/central/article/64709,2026-09-07
新竹市,縣市議員,新竹市第2選舉區,徐美惠,中國國民黨,2026-09-02,,中央選舉委員會：115年地方公職人員選舉候選人登記名冊,https://web.cec.gov.tw/central/article/64709,2026-09-07
新竹市,縣市議員,新竹市第2選舉區,許修睿,中國國民黨,2026-09-02,,中央選舉委員會：115年地方公職人員選舉候選人登記名冊,https://web.cec.gov.tw/central/article/64709,2026-09-07
新竹市,縣市議員,新竹市第2選舉區,田雅芳,無,2026-09-04,,中央選舉委員會：115年地方公職人員選舉候選人登記名冊,https://web.cec.gov.tw/central/article/64709,2026-09-07
新竹市,縣市議員,新竹市第3選舉區,施淑婷,台灣民眾黨,2026-09-01,,中央選舉委員會：115年地方公職人員選舉候選人登記名冊,https://web.cec.gov.tw/central/article/64709,2026-09-07
新竹市,縣市議員,新竹市第3選舉區,陳思妤,中國國民黨,2026-09-02,,中央選舉委員會：115年地方公職人員選舉候選人登記名冊,https://web.cec.gov.tw/central/article/64709,2026-09-07
新竹市,縣市議員,新竹市第3選舉區,陳建名,民主進步黨,2026-09-03,,中央選舉委員會：115年地方公職人員選舉候選人登記名冊,https://web.cec.gov.tw/central/article/64709,2026-09-07
新竹市,縣市議員,新竹市第4選舉區,彭昆耀,無,2026-09-02,,中央選舉委員會：115年地方公職人員選舉候選人登記名冊,https://web.cec.gov.tw/central/article/64709,2026-09-07
新竹市,縣市議員,新竹市第4選舉區,王雲慶,中國國民黨,2026-09-02,,中央選舉委員會：115年地方公職人員選舉候選人登記名冊,https://web.cec.gov.tw/central/article/64709,2026-09-07
新竹市,縣市議員,新竹市第4選舉區,蕭志潔,中國國民黨,2026-09-03,,中央選舉委員會：115年地方公職人員選舉候選人登記名冊,https://web.cec.gov.tw/central/article/64709,2026-09-07
新竹市,縣市議員,新竹市第4選舉區,林士凱,民主進步黨,2026-09-03,,中央選舉委員會：115年地方公職人員選舉候選人登記名冊,https://web.cec.gov.tw/central/article/64709,2026-09-07
新竹市,縣市議員,新竹市第4選舉區,曾國維,民主進步黨,2026-09-03,,中央選舉委員會：115年地方公職人員選舉候選人登記名冊,https://web.cec.gov.tw/central/article/64709,2026-09-07
新竹市,縣市議員,新竹市第4選舉區,黃美慧,中國國民黨,2026-09-03,,中央選舉委員會：115年地方公職人員選舉候選人登記名冊,https://web.cec.gov.tw/central/article/64709,2026-09-07
新竹市,縣市議員,新竹市第4選舉區,楊玲宜,民主進步黨,2026-09-03,,中央選舉委員會：115年地方公職人員選舉候選人登記名冊,https://web.cec.gov.tw/central/article/64709,2026-09-07
新竹市,縣市議員,新竹市第4選舉區,鄭慶欽,無,2026-09-03,,中央選舉委員會：115年地方公職人員選舉候選人登記名冊,https://web.cec.gov.tw/central/article/64709,2026-09-07
新竹市,縣市議員,新竹市第4選舉區,林彥甫,時代力量,2026-09-03,,中央選舉委員會：115年地方公職人員選舉候選人登記名冊,https://web.cec.gov.tw/central/article/64709,2026-09-07
新竹市,縣市議員,新竹市第4選舉區,吳旭豐,中國國民黨,2026-09-03,,中央選舉委員會：115年地方公職人員選舉候選人登記名冊,https://web.cec.gov.tw/central/article/64709,2026-09-07
新竹市,縣市議員,新竹市第4選舉區,許竹見,無,2026-09-03,,中央選舉委員會：115年地方公職人員選舉候選人登記名冊,https://web.cec.gov.tw/central/article/64709,2026-09-07
新竹市,縣市議員,新竹市第4選舉區,孫宗孝,無,2026-09-04,,中央選舉委員會：115年地方公職人員選舉候選人登記名冊,https://web.cec.gov.tw/central/article/64709,2026-09-07
新竹市,縣市議員,新竹市第4選舉區,蔡文盛,台灣民眾黨,2026-09-04,,中央選舉委員會：115年地方公職人員選舉候選人登記名冊,https://web.cec.gov.tw/central/article/64709,2026-09-07
新竹市,縣市議員,新竹市第5選舉區,吳若茵,中國國民黨,2026-09-01,,中央選舉委員會：115年地方公職人員選舉候選人登記名冊,https://web.cec.gov.tw/central/article/64709,2026-09-07
新竹市,縣市議員,新竹市第5選舉區,吳國寶,無,2026-09-02,,中央選舉委員會：115年地方公職人員選舉候選人登記名冊,https://web.cec.gov.tw/central/article/64709,2026-09-07
新竹市,縣市議員,新竹市第5選舉區,葉國文,台灣民眾黨,2026-09-02,,中央選舉委員會：115年地方公職人員選舉候選人登記名冊,https://web.cec.gov.tw/central/article/64709,2026-09-07
新竹市,縣市議員,新竹市第5選舉區,陳啓源,無,2026-09-02,,中央選舉委員會：115年地方公職人員選舉候選人登記名冊,https://web.cec.gov.tw/central/article/64709,2026-09-07
新竹市,縣市議員,新竹市第5選舉區,蔡志堅,無,2026-09-02,,中央選舉委員會：115年地方公職人員選舉候選人登記名冊,https://web.cec.gov.tw/central/article/64709,2026-09-07
新竹市,縣市議員,新竹市第5選舉區,陳慶齡,中國國民黨,2026-09-03,,中央選舉委員會：115年地方公職人員選舉候選人登記名冊,https://web.cec.gov.tw/central/article/64709,2026-09-07
新竹市,縣市議員,新竹市第5選舉區,廖子齊,時代力量,2026-09-03,,中央選舉委員會：115年地方公職人員選舉候選人登記名冊,https://web.cec.gov.tw/central/article/64709,2026-09-07
新竹市,縣市議員,新竹市第5選舉區,林盈徹,民主進步黨,2026-09-03,,中央選舉委員會：115年地方公職人員選舉候選人登記名冊,https://web.cec.gov.tw/central/article/64709,2026-09-07
新竹市,縣市議員,新竹市第6選舉區,李雅雯,中國國民黨,2026-09-01,,中央選舉委員會：115年地方公職人員選舉候選人登記名冊,https://web.cec.gov.tw/central/article/64709,2026-09-07
新竹市,縣市議員,新竹市第6選舉區,林慈愛,中國國民黨,2026-09-02,,中央選舉委員會：115年地方公職人員選舉候選人登記名冊,https://web.cec.gov.tw/central/article/64709,2026-09-07
新竹市,縣市議員,新竹市第7選舉區,趙若芸,台灣民眾黨,2026-09-02,,中央選舉委員會：115年地方公職人員選舉候選人登記名冊,https://web.cec.gov.tw/central/article/64709,2026-09-07
新竹市,縣市議員,新竹市第7選舉區,林夏陞,中國國民黨,2026-09-02,,中央選舉委員會：115年地方公職人員選舉候選人登記名冊,https://web.cec.gov.tw/central/article/64709,2026-09-07
新竹市,縣市議員,新竹市第7選舉區,楊家玲,無,2026-09-02,,中央選舉委員會：115年地方公職人員選舉候選人登記名冊,https://web.cec.gov.tw/central/article/64709,2026-09-07
新竹市,縣市議員,新竹市第7選舉區,雲翔,無,2026-09-02,,中央選舉委員會：115年地方公職人員選舉候選人登記名冊,https://web.cec.gov.tw/central/article/64709,2026-09-07
新竹市,縣市議員,新竹市第7選舉區,卡伊．馬賴,民主進步黨,2026-09-03,,中央選舉委員會：115年地方公職人員選舉候選人登記名冊,https://web.cec.gov.tw/central/article/64709,2026-09-07
嘉義市,縣市議員,嘉義市第1選舉區,凌子楚,民主進步黨,2026-08-31,,中央選舉委員會：115年地方公職人員選舉候選人登記名冊,https://web.cec.gov.tw/central/article/64709,2026-09-07
嘉義市,縣市議員,嘉義市第1選舉區,郭文居,無,2026-08-31,,中央選舉委員會：115年地方公職人員選舉候選人登記名冊,https://web.cec.gov.tw/central/article/64709,2026-09-07
嘉義市,縣市議員,嘉義市第1選舉區,何苡睿,台聯黨,2026-08-31,,中央選舉委員會：115年地方公職人員選舉候選人登記名冊,https://web.cec.gov.tw/central/article/64709,2026-09-07
嘉義市,縣市議員,嘉義市第1選舉區,陳玥妗,小民參政歐巴桑聯盟,2026-09-01,,中央選舉委員會：115年地方公職人員選舉候選人登記名冊,https://web.cec.gov.tw/central/article/64709,2026-09-07
嘉義市,縣市議員,嘉義市第1選舉區,梁樹綸,中國國民黨,2026-09-02,,中央選舉委員會：115年地方公職人員選舉候選人登記名冊,https://web.cec.gov.tw/central/article/64709,2026-09-07
嘉義市,縣市議員,嘉義市第1選舉區,張敏琪,中國國民黨,2026-09-02,,中央選舉委員會：115年地方公職人員選舉候選人登記名冊,https://web.cec.gov.tw/central/article/64709,2026-09-07
嘉義市,縣市議員,嘉義市第1選舉區,林昱孜,台灣民眾黨,2026-09-02,,中央選舉委員會：115年地方公職人員選舉候選人登記名冊,https://web.cec.gov.tw/central/article/64709,2026-09-07
嘉義市,縣市議員,嘉義市第1選舉區,黃露慧,民主進步黨,2026-09-02,,中央選舉委員會：115年地方公職人員選舉候選人登記名冊,https://web.cec.gov.tw/central/article/64709,2026-09-07
嘉義市,縣市議員,嘉義市第1選舉區,黃盈智,民主進步黨,2026-09-02,,中央選舉委員會：115年地方公職人員選舉候選人登記名冊,https://web.cec.gov.tw/central/article/64709,2026-09-07
嘉義市,縣市議員,嘉義市第1選舉區,柯莉絲汀,無,2026-09-02,,中央選舉委員會：115年地方公職人員選舉候選人登記名冊,https://web.cec.gov.tw/central/article/64709,2026-09-07
嘉義市,縣市議員,嘉義市第1選舉區,吳宗泓,無,2026-09-02,,中央選舉委員會：115年地方公職人員選舉候選人登記名冊,https://web.cec.gov.tw/central/article/64709,2026-09-07
嘉義市,縣市議員,嘉義市第1選舉區,顏翎熹,無,2026-09-02,,中央選舉委員會：115年地方公職人員選舉候選人登記名冊,https://web.cec.gov.tw/central/article/64709,2026-09-07
嘉義市,縣市議員,嘉義市第1選舉區,陳家平,中國國民黨,2026-09-03,,中央選舉委員會：115年地方公職人員選舉候選人登記名冊,https://web.cec.gov.tw/central/article/64709,2026-09-07
嘉義市,縣市議員,嘉義市第1選舉區,郭定緯,中國國民黨,2026-09-03,,中央選舉委員會：115年地方公職人員選舉候選人登記名冊,https://web.cec.gov.tw/central/article/64709,2026-09-07
嘉義市,縣市議員,嘉義市第1選舉區,傅大偉,中國國民黨,2026-09-03,,中央選舉委員會：115年地方公職人員選舉候選人登記名冊,https://web.cec.gov.tw/central/article/64709,2026-09-07
嘉義市,縣市議員,嘉義市第1選舉區,洪斐昭,無,2026-09-03,,中央選舉委員會：115年地方公職人員選舉候選人登記名冊,https://web.cec.gov.tw/central/article/64709,2026-09-07
嘉義市,縣市議員,嘉義市第2選舉區,陳嘉弘,無,2026-08-31,,中央選舉委員會：115年地方公職人員選舉候選人登記名冊,https://web.cec.gov.tw/central/article/64709,2026-09-07
嘉義市,縣市議員,嘉義市第2選舉區,陳姿妏,無,2026-08-31,,中央選舉委員會：115年地方公職人員選舉候選人登記名冊,https://web.cec.gov.tw/central/article/64709,2026-09-07
嘉義市,縣市議員,嘉義市第2選舉區,鄭光宏,中國國民黨,2026-08-31,,中央選舉委員會：115年地方公職人員選舉候選人登記名冊,https://web.cec.gov.tw/central/article/64709,2026-09-07
嘉義市,縣市議員,嘉義市第2選舉區,林煒軒,民主進步黨,2026-08-31,,中央選舉委員會：115年地方公職人員選舉候選人登記名冊,https://web.cec.gov.tw/central/article/64709,2026-09-07
嘉義市,縣市議員,嘉義市第2選舉區,王浩,無,2026-08-31,,中央選舉委員會：115年地方公職人員選舉候選人登記名冊,https://web.cec.gov.tw/central/article/64709,2026-09-07
嘉義市,縣市議員,嘉義市第2選舉區,林子淨,無,2026-09-01,,中央選舉委員會：115年地方公職人員選舉候選人登記名冊,https://web.cec.gov.tw/central/article/64709,2026-09-07
嘉義市,縣市議員,嘉義市第2選舉區,蔡坤達,無,2026-09-01,,中央選舉委員會：115年地方公職人員選舉候選人登記名冊,https://web.cec.gov.tw/central/article/64709,2026-09-07
嘉義市,縣市議員,嘉義市第2選舉區,林詩涵,小民參政歐巴桑聯盟,2026-09-01,,中央選舉委員會：115年地方公職人員選舉候選人登記名冊,https://web.cec.gov.tw/central/article/64709,2026-09-07
嘉義市,縣市議員,嘉義市第2選舉區,陳品蓁,民主進步黨,2026-09-02,,中央選舉委員會：115年地方公職人員選舉候選人登記名冊,https://web.cec.gov.tw/central/article/64709,2026-09-07
嘉義市,縣市議員,嘉義市第2選舉區,李忠曆,無,2026-09-02,,中央選舉委員會：115年地方公職人員選舉候選人登記名冊,https://web.cec.gov.tw/central/article/64709,2026-09-07
嘉義市,縣市議員,嘉義市第2選舉區,蔡坤叡,無,2026-09-02,,中央選舉委員會：115年地方公職人員選舉候選人登記名冊,https://web.cec.gov.tw/central/article/64709,2026-09-07
嘉義市,縣市議員,嘉義市第2選舉區,李明燦,無,2026-09-02,,中央選舉委員會：115年地方公職人員選舉候選人登記名冊,https://web.cec.gov.tw/central/article/64709,2026-09-07
嘉義市,縣市議員,嘉義市第2選舉區,張秀華,中國國民黨,2026-09-02,,中央選舉委員會：115年地方公職人員選舉候選人登記名冊,https://web.cec.gov.tw/central/article/64709,2026-09-07
嘉義市,縣市議員,嘉義市第2選舉區,黃思婷,中國國民黨,2026-09-02,,中央選舉委員會：115年地方公職人員選舉候選人登記名冊,https://web.cec.gov.tw/central/article/64709,2026-09-07
嘉義市,縣市議員,嘉義市第2選舉區,黃政融,無,2026-09-02,,中央選舉委員會：115年地方公職人員選舉候選人登記名冊,https://web.cec.gov.tw/central/article/64709,2026-09-07
嘉義市,縣市議員,嘉義市第2選舉區,黃敏修,無,2026-09-02,,中央選舉委員會：115年地方公職人員選舉候選人登記名冊,https://web.cec.gov.tw/central/article/64709,2026-09-07
嘉義市,縣市議員,嘉義市第2選舉區,黃大祐,民主進步黨,2026-09-02,,中央選舉委員會：115年地方公職人員選舉候選人登記名冊,https://web.cec.gov.tw/central/article/64709,2026-09-07
嘉義市,縣市議員,嘉義市第2選舉區,曾奕豪,民主進步黨,2026-09-02,,中央選舉委員會：115年地方公職人員選舉候選人登記名冊,https://web.cec.gov.tw/central/article/64709,2026-09-07
嘉義市,縣市議員,嘉義市第2選舉區,陳致愷,無,2026-09-04,,中央選舉委員會：115年地方公職人員選舉候選人登記名冊,https://web.cec.gov.tw/central/article/64709,2026-09-07
嘉義市,縣市議員,嘉義市第2選舉區,魏志軒,無,2026-09-04,,中央選舉委員會：115年地方公職人員選舉候選人登記名冊,https://web.cec.gov.tw/central/article/64709,2026-09-07
嘉義市,縣市議員,嘉義市第2選舉區,孫貫志,無,2026-09-04,,中央選舉委員會：115年地方公職人員選舉候選人登記名冊,https://web.cec.gov.tw/central/article/64709,2026-09-07
